version 1
nodes
0 "root" -1
1 "hips" 0
2 "thigh_L" 1
3 "thigh_twist_L" 2
4 "knee_L" 3
5 "ankle_L" 4
6 "toe_L" 5
7 "spring_base_L" 4
8 "spring_end_L" 7
9 "spring_1_L" 7
10 "thigh_R" 1
11 "thigh_twist_R" 10
12 "knee_R" 11
13 "ankle_R" 12
14 "toe_R" 13
15 "spring_base_R" 12
16 "spring_end_R" 15
17 "spring_1_R" 15
18 "spine_base" 0
19 "spine_mid" 18
20 "chest" 19
21 "neck" 20
22 "head" 21
23 "forward" 22
24 "ponytail" 22
25 "clavicle_L" 20
26 "bicep_L" 25
27 "bicep_twist_L" 26
28 "elbow_L" 26
29 "wrist_twist_L" 28
30 "wrist_L" 28
31 "thumb_base_L" 30
32 "thumb_mid_L" 31
33 "thumb_end_L" 32
34 "index_base_L" 30
35 "index_mid_L" 34
36 "index_end_L" 35
37 "mid_base_L" 30
38 "mid_mid_L" 37
39 "mid_end_L" 38
40 "ring_base_L" 30
41 "ring_mid_L" 40
42 "ring_end_L" 41
43 "pinky_base_L" 30
44 "pinky_mid_L" 43
45 "pinky_end_L" 44
46 "clavicle_R" 20
47 "bicep_R" 46
48 "bicep_twist_R" 47
49 "elbow_R" 47
50 "wrist_twist_R" 49
51 "wrist_R" 49
52 "thumb_base_R" 51
53 "thumb_mid_R" 52
54 "thumb_end_R" 53
55 "index_base_R" 51
56 "index_mid_R" 55
57 "index_end_R" 56
58 "mid_base_R" 51
59 "mid_mid_R" 58
60 "mid_end_R" 59
61 "ring_base_R" 51
62 "ring_mid_R" 61
63 "ring_end_R" 62
64 "pinky_base_R" 51
65 "pinky_mid_R" 64
66 "pinky_end_R" 65
67 "weapon_bone" 51
end
skeleton
time 0
0  -0.715070 -2.707114 40.940033  1.913038 0.075850 0.167121
1  0.000000 -0.000007 0.000000  0.204889 -0.057922 0.173561
2  4.350457 -2.452278 -0.220442  2.739389 0.014291 -0.025957
3  -0.820336 7.075162 -4.328258  1.660729 0.546442 1.686505
4  8.333014 -0.000002 -0.000000  1.449846 0.114119 0.752721
5  18.142757 -0.000001 -0.000000  1.943314 -0.056614 1.669654
6  0.003752 6.164958 0.152068  -0.737081 0.024669 -0.000000
7  4.617705 0.531994 -2.490242  2.951182 -0.092156 1.614382
8  -0.000000 18.500662 0.000000  2.972410 0.050878 -0.092275
9  -0.129009 18.597670 4.167801  2.605745 -0.045183 0.003709
10  -4.350461 -2.452240 -0.220441  -1.150245 0.055260 0.024717
11  0.000004 -8.333092 -0.000017  -0.000000 0.000000 -1.570796
12  8.332998 0.000001 -0.000001  0.943580 1.808337 -0.613825
13  18.142736 0.000004 -0.000001  -1.166632 1.362055 1.074617
14  -0.003752 -6.164954 -0.152074  -0.990227 0.024669 -0.000000
15  4.617712 -2.490234 0.531993  -0.348564 1.556384 1.270711
16  -0.000004 -21.469475 -0.000004  2.913920 -0.269167 -0.019683
17  0.117286 -19.156250 -3.859201  2.864158 -0.079279 0.134365
18  0.000000 3.918036 0.107098  0.221856 -0.056871 0.046416
19  0.000000 3.793280 0.000001  -0.029705 -0.107394 0.056423
20  -0.000000 4.392047 0.000001  -0.033122 0.000563 0.037883
21  -0.000000 7.387566 -0.000001  0.224775 0.073072 -0.048478
22  -0.000000 3.276233 0.000001  -0.208153 -0.018408 0.035786
23  0.000000 2.500005 0.000000  -1.570796 -1.570796 0.000000
24  -0.000000 2.017658 -3.069155  -0.679232 -0.000000 -0.000000
25  0.895860 3.917908 0.656974  0.184804 0.119574 0.212499
26  4.123601 -0.117663 -2.440016  2.739469 0.134162 -1.216239
27  4.898445 -0.002376 0.107847  3.119428 0.000148 1.570309
28  9.799999 -0.003904 0.214847  -1.209573 0.687492 0.209566
29  4.899996 0.000001 -0.000000  -1.570797 -1.570796 0.000000
30  9.799998 -0.000001 0.000004  -0.641009 -1.479347 -1.066242
31  -0.187860 1.241701 1.202026  1.004331 0.880998 0.628243
32  -0.000001 1.590446 -0.000002  -0.064553 -0.083756 -0.392154
33  -0.000006 1.179845 -0.000004  0.013277 -0.004498 -0.116439
34  -0.942188 4.324296 1.306554  0.200718 0.008412 -0.931323
35  0.000002 1.287340 0.000000  -0.000000 -0.000000 -1.693734
36  0.000000 1.044399 -0.000001  0.000000 -0.000000 -1.873110
37  -0.662603 4.455424 0.385188  0.283922 -0.151267 -1.194302
38  0.000000 1.560846 -0.000000  -0.000000 -0.000000 -1.743825
39  -0.000002 1.052599 0.000003  0.000000 0.000000 -1.417163
40  -0.259948 4.274166 -0.539757  0.254995 -0.273672 -1.274012
41  0.000001 1.433731 -0.000000  -0.000000 0.000000 -1.413531
42  -0.000002 1.052592 -0.000002  -0.000000 -0.000000 -1.291004
43  0.141352 3.871774 -1.363270  0.407658 -0.585492 -1.527708
44  0.000003 1.065794 -0.000001  -0.000000 0.000000 -1.008211
45  0.000003 0.779179 -0.000000  0.000000 0.000000 -0.885683
46  -0.895860 3.917945 0.656980  -2.989154 0.026034 -0.180129
47  -4.123598 0.117697 2.440021  -0.768894 0.752912 2.170413
48  4.898442 0.002386 0.107844  -0.022017 0.000000 1.571278
49  9.800055 0.003910 0.214845  1.463051 0.498252 1.404758
50  4.899964 0.000002 -0.000001  -0.000002 -0.000000 1.570796
51  9.799919 0.000001 0.000001  0.213516 0.030779 1.468954
52  0.187867 -1.241724 -1.202021  0.978037 0.953679 0.647145
53  0.000034 -1.590425 -0.000011  -0.020282 -0.028490 -0.475982
54  -0.000071 -1.179888 0.000027  0.014008 -0.004746 -0.194940
55  0.942214 -4.324327 -1.306555  0.181920 0.019544 -1.078930
56  -0.000027 -1.287268 -0.000010  0.000000 0.000000 -1.731640
57  0.000035 -1.044486 0.000036  -0.000000 0.000000 -1.920862
58  0.662643 -4.455462 -0.385184  0.247237 -0.202282 -0.994247
59  -0.000051 -1.560868 0.000033  0.000000 0.000000 -1.619976
60  -0.000000 -1.052545 -0.000009  -0.000000 0.000000 -1.309733
61  0.259917 -4.274168 0.539758  0.262751 -0.284052 -1.205575
62  0.000073 -1.433766 -0.000027  -0.000000 0.000000 -1.288565
63  -0.000039 -1.052581 0.000011  -0.000000 0.000000 -1.166037
64  -0.141326 -3.871753 1.363266  0.378145 -0.674668 -1.325768
65  -0.000012 -1.065868 0.000008  0.000000 0.000000 -1.120085
66  0.000022 -0.779117 -0.000024  0.000000 -0.000000 -0.997557
67  0.325555 0.019279 0.438601  -1.570796 -1.762783 0.000000
time 1
0  -0.656475 -9.020915 40.854092  1.920635 0.078307 0.213948
1  -0.000000 0.000004 0.000000  0.236648 -0.071752 0.244713
2  4.350457 -2.452276 -0.220442  3.005322 0.039379 -0.039906
3  -1.363322 6.832969 -4.570453  1.736647 0.580826 1.767823
4  8.333016 -0.000001 0.000000  1.453411 0.082166 0.608137
5  18.142757 -0.000001 -0.000002  1.806346 -0.071969 1.653982
6  0.003752 6.164958 0.152069  -0.719761 0.024669 0.000000
7  4.617707 0.531995 -2.490242  2.916709 -0.109548 1.613500
8  -0.000000 18.391279 0.000000  2.886866 0.044317 -0.085638
9  -0.129009 18.597666 4.167801  2.594834 -0.045183 0.003709
10  -4.350459 -2.452240 -0.220442  -1.383387 -0.026987 -0.005117
11  0.000004 -8.333088 -0.000015  -0.000000 0.000000 -1.570796
12  8.332997 0.000000 -0.000001  1.347577 1.844310 -0.215184
13  18.142740 -0.000000 -0.000000  -1.078751 1.410781 1.099132
14  -0.003752 -6.164958 -0.152072  -0.952594 0.024669 0.000000
15  4.617716 -2.490235 0.531993  0.025324 1.507829 1.623317
16  -0.000005 -22.176531 -0.000002  2.964949 -0.184316 -0.010476
17  0.105566 -19.832054 -3.484190  2.890249 -0.079279 0.134365
18  -0.000001 3.918045 0.107101  0.231307 -0.069078 0.054997
19  0.000000 3.793285 -0.000003  -0.020633 -0.150215 0.073849
20  0.000000 4.392055 -0.000002  -0.023079 -0.021201 0.038039
21  -0.000000 7.387570 0.000000  0.211139 0.152308 -0.081819
22  -0.000000 3.276222 0.000004  -0.222553 -0.051761 0.078499
23  0.000000 2.500006 -0.000001  -1.570796 -1.570796 0.000000
24  0.000000 2.017658 -3.069155  -0.679232 -0.000000 -0.000000
25  0.895860 3.917913 0.656975  0.184157 0.116679 0.228151
26  4.123599 -0.117664 -2.440012  -3.116119 -0.031474 -1.215140
27  4.898438 -0.002374 0.107851  3.119428 0.000148 1.570309
28  9.799994 -0.003900 0.214849  -1.766065 0.802578 -0.179379
29  4.899999 0.000001 -0.000004  -1.570797 -1.570796 0.000000
30  9.800001 -0.000000 0.000000  -0.470891 -1.482256 -1.206306
31  -0.187869 1.241701 1.202022  1.004331 0.880998 0.628243
32  -0.000001 1.590444 -0.000008  -0.064553 -0.083756 -0.392154
33  -0.000008 1.179849 -0.000005  0.013277 -0.004498 -0.116439
34  -0.942193 4.324297 1.306551  0.200718 0.008412 -0.931323
35  0.000001 1.287341 -0.000000  -0.000000 -0.000000 -1.693734
36  0.000008 1.044395 -0.000003  -0.000000 0.000000 -1.873110
37  -0.662608 4.455423 0.385186  0.283922 -0.151267 -1.194302
38  0.000000 1.560843 0.000000  -0.000000 -0.000000 -1.743825
39  -0.000001 1.052592 0.000003  0.000000 0.000000 -1.417163
40  -0.259953 4.274168 -0.539761  0.254995 -0.273672 -1.274012
41  0.000002 1.433727 0.000001  -0.000000 0.000000 -1.413531
42  0.000004 1.052592 -0.000003  -0.000000 -0.000000 -1.291004
43  0.141347 3.871777 -1.363274  0.407658 -0.585492 -1.527708
44  0.000005 1.065789 0.000000  0.000000 -0.000000 -1.008211
45  0.000003 0.779181 0.000002  0.000000 0.000000 -0.885683
46  -0.895860 3.917948 0.656980  -2.988494 -0.013031 -0.165184
47  -4.123596 0.117698 2.440024  -0.738796 0.611884 2.114051
48  4.898437 0.002388 0.107845  -0.022017 0.000000 1.571278
49  9.800051 0.003913 0.214845  1.377379 0.541267 1.257237
50  4.899963 -0.000004 -0.000003  -0.000002 0.000000 1.570796
51  9.799917 -0.000003 -0.000004  0.185019 0.030779 1.468954
52  0.187866 -1.241727 -1.202013  0.978037 0.953679 0.647145
53  0.000039 -1.590426 -0.000012  -0.020282 -0.028490 -0.475982
54  -0.000066 -1.179889 0.000027  0.014008 -0.004746 -0.194940
55  0.942212 -4.324332 -1.306546  0.181920 0.019544 -1.078930
56  -0.000018 -1.287271 -0.000007  0.000000 -0.000000 -1.731640
57  0.000033 -1.044489 0.000031  0.000000 0.000000 -1.920862
58  0.662641 -4.455463 -0.385175  0.247237 -0.202282 -0.994247
59  -0.000048 -1.560865 0.000028  -0.000000 -0.000000 -1.619976
60  -0.000002 -1.052547 -0.000012  -0.000000 0.000000 -1.309733
61  0.259915 -4.274172 0.539766  0.262751 -0.284052 -1.205575
62  0.000072 -1.433766 -0.000024  -0.000000 -0.000000 -1.288565
63  -0.000040 -1.052587 0.000010  -0.000000 0.000000 -1.166037
64  -0.141329 -3.871754 1.363272  0.378145 -0.674668 -1.325768
65  -0.000012 -1.065867 0.000005  0.000000 0.000000 -1.120085
66  0.000025 -0.779116 -0.000027  0.000000 0.000000 -0.997557
67  0.325554 0.019274 0.438607  -1.570796 -1.762783 0.000000
time 2
0  -0.597879 -15.354249 41.381451  1.926996 0.077432 0.244059
1  -0.000000 -0.000002 0.000000  0.234359 -0.061936 0.244845
2  4.350456 -2.452276 -0.220438  -3.108842 0.105610 -0.027435
3  -1.570359 6.836875 -4.496232  1.800149 0.570209 1.797135
4  8.333019 -0.000000 0.000000  1.486382 0.051497 0.546567
5  18.142754 -0.000001 -0.000000  2.059507 -0.093230 1.647233
6  0.003752 6.164958 0.152068  -0.933212 0.024669 -0.000000
7  4.617704 0.531995 -2.490241  2.948896 -0.138571 1.620299
8  0.000001 20.188215 -0.000001  2.750369 0.034367 -0.078056
9  -0.129009 18.597670 4.167801  2.776063 -0.045183 0.003709
10  -4.350461 -2.452236 -0.220439  -1.527903 -0.082911 -0.003575
11  0.000004 -8.333097 -0.000014  0.000000 0.000000 -1.570796
12  8.332999 -0.000001 -0.000004  1.445630 1.820488 -0.121346
13  18.142738 0.000000 -0.000001  -0.977239 1.454588 1.088925
14  -0.003752 -6.164956 -0.152070  -0.832557 0.024669 0.000000
15  4.617713 -2.490239 0.531993  0.097135 1.490172 1.651346
16  -0.000005 -22.723419 -0.000002  3.024164 -0.132495 -0.007718
17  0.093848 -20.355507 -3.195118  2.910440 -0.079279 0.134365
18  -0.000001 3.918042 0.107098  0.239250 -0.077545 0.058389
19  0.000000 3.793285 -0.000004  -0.013058 -0.181998 0.086121
20  -0.000000 4.392049 0.000001  -0.014606 -0.039489 0.038327
21  0.000001 7.387565 0.000000  0.196707 0.214853 -0.109491
22  0.000000 3.276224 0.000002  -0.234476 -0.079278 0.115412
23  -0.000000 2.500018 0.000000  -1.570796 -1.570796 0.000000
24  0.000000 2.017667 -3.069155  -0.679232 0.000000 -0.000000
25  0.895860 3.917910 0.656974  0.183426 0.113674 0.244378
26  4.123603 -0.117661 -2.440012  -2.682487 -0.209545 -1.214431
27  4.898441 -0.002378 0.107847  3.119428 0.000148 1.570309
28  9.799997 -0.003903 0.214850  -2.349257 0.734052 -0.642916
29  4.900005 0.000001 -0.000001  -1.570797 -1.570796 0.000000
30  9.800005 -0.000000 0.000003  -0.277208 -1.482954 -1.364776
31  -0.187858 1.241700 1.202024  1.004331 0.880998 0.628243
32  0.000002 1.590446 -0.000002  -0.064553 -0.083756 -0.392154
33  -0.000004 1.179851 -0.000004  0.013277 -0.004498 -0.116439
34  -0.942183 4.324294 1.306552  0.200718 0.008412 -0.931323
35  0.000003 1.287342 -0.000002  0.000000 -0.000000 -1.693734
36  0.000002 1.044394 -0.000003  -0.000000 0.000000 -1.873110
37  -0.662600 4.455421 0.385189  0.283922 -0.151267 -1.194302
38  -0.000004 1.560846 0.000000  -0.000000 -0.000000 -1.743825
39  -0.000001 1.052597 -0.000001  0.000000 0.000000 -1.417163
40  -0.259947 4.274163 -0.539758  0.254995 -0.273672 -1.274012
41  0.000000 1.433729 -0.000000  -0.000000 0.000000 -1.413531
42  0.000000 1.052590 -0.000000  0.000000 0.000000 -1.291004
43  0.141355 3.871773 -1.363271  0.407658 -0.585492 -1.527708
44  0.000000 1.065794 0.000001  0.000000 -0.000000 -1.008211
45  -0.000003 0.779180 0.000002  0.000000 0.000000 -0.885683
46  -0.895860 3.917944 0.656979  -2.987593 -0.053289 -0.149038
47  -4.123596 0.117704 2.440021  -0.656602 0.454012 2.063373
48  4.898433 0.002388 0.107848  -0.022017 -0.000000 1.571278
49  9.800048 0.003915 0.214849  1.250883 0.606665 1.085288
50  4.899960 -0.000006 -0.000001  -0.000002 0.000000 1.570796
51  9.799916 -0.000006 0.000000  0.155457 0.030779 1.468954
52  0.187871 -1.241727 -1.202015  0.978037 0.953679 0.647145
53  0.000038 -1.590426 -0.000014  -0.020282 -0.028490 -0.475982
54  -0.000071 -1.179890 0.000028  0.014008 -0.004746 -0.194940
55  0.942218 -4.324327 -1.306545  0.181920 0.019544 -1.078930
56  -0.000020 -1.287267 -0.000004  0.000000 -0.000000 -1.731640
57  0.000037 -1.044487 0.000030  0.000000 -0.000000 -1.920862
58  0.662646 -4.455462 -0.385176  0.247237 -0.202282 -0.994247
59  -0.000044 -1.560867 0.000028  0.000000 0.000000 -1.619976
60  -0.000004 -1.052549 -0.000000  -0.000000 0.000000 -1.309733
61  0.259917 -4.274172 0.539768  0.262751 -0.284052 -1.205575
62  0.000074 -1.433767 -0.000019  -0.000000 -0.000000 -1.288565
63  -0.000041 -1.052585 0.000006  -0.000000 0.000000 -1.166037
64  -0.141325 -3.871756 1.363276  0.378145 -0.674668 -1.325768
65  -0.000008 -1.065870 0.000003  0.000000 0.000000 -1.120085
66  0.000025 -0.779115 -0.000022  0.000000 -0.000000 -0.997557
67  0.325558 0.019274 0.438608  -1.570796 -1.762783 0.000000
time 3
0  -0.539284 -21.707113 42.217415  1.929646 0.073561 0.248623
1  0.000001 0.000005 0.000001  0.227983 -0.047795 0.245217
2  4.350457 -2.452278 -0.220440  -2.711021 0.183274 -0.003971
3  -1.492231 6.942341 -4.359508  1.867443 0.551066 1.782658
4  8.333015 -0.000001 -0.000001  1.516875 -0.000000 0.000160
5  18.142759 -0.000001 -0.000002  2.576994 -0.140735 1.611907
6  0.003752 6.164957 0.152068  -1.126425 0.024669 -0.000000
7  4.617706 0.531995 -2.490243  -0.056546 -2.971028 -1.533271
8  0.000001 21.871857 0.000000  2.764484 0.050392 -0.040415
9  -0.129009 18.597668 4.167801  2.875587 -0.045183 0.003709
10  -4.350461 -2.452239 -0.220439  -1.624247 -0.125463 0.006674
11  0.000004 -8.333091 -0.000017  -0.000000 -0.000000 -1.570796
12  8.333000 0.000000 -0.000004  1.589764 1.762678 0.018595
13  18.142733 0.000003 -0.000000  -1.029949 1.491057 0.989913
14  -0.003752 -6.164956 -0.152072  -0.746971 0.024669 -0.000000
15  4.617710 -2.490237 0.531993  0.120233 1.496838 1.647424
16  -0.000004 -22.735144 -0.000003  3.084355 -0.108272 -0.010609
17  0.093849 -20.363321 -3.191211  2.910774 -0.079279 0.134365
18  0.000002 3.918044 0.107099  0.242575 -0.080707 0.055165
19  0.000000 3.793288 0.000001  -0.009906 -0.194210 0.089237
20  -0.000000 4.392042 0.000005  -0.011010 -0.053343 0.038471
21  0.000000 7.387569 -0.000005  0.188536 0.251911 -0.121596
22  -0.000000 3.276217 0.000001  -0.239600 -0.099304 0.136421
23  0.000000 2.500009 -0.000005  -1.570796 -1.570796 0.000000
24  -0.000000 2.017667 -3.069161  -0.679232 -0.000000 0.000000
25  0.895860 3.917910 0.656971  0.182647 0.110670 0.260653
26  4.123601 -0.117653 -2.440014  -2.382363 -0.394836 -1.211382
27  4.898441 -0.002372 0.107853  3.119428 0.000148 1.570309
28  9.799997 -0.003899 0.214851  -2.672695 0.603291 -0.929418
29  4.899998 0.000000 -0.000002  -1.570797 -1.570796 0.000000
30  9.800001 -0.000000 0.000001  -0.070500 -1.481267 -1.530532
31  -0.187863 1.241704 1.202022  1.004331 0.880998 0.628243
32  -0.000002 1.590450 -0.000006  -0.064553 -0.083756 -0.392154
33  -0.000007 1.179849 -0.000004  0.013277 -0.004498 -0.116439
34  -0.942191 4.324298 1.306553  0.200718 0.008412 -0.931323
35  0.000005 1.287341 -0.000001  -0.000000 -0.000000 -1.693734
36  -0.000001 1.044398 0.000000  -0.000000 -0.000000 -1.873110
37  -0.662603 4.455423 0.385183  0.283922 -0.151267 -1.194302
38  -0.000006 1.560843 0.000004  -0.000000 0.000000 -1.743825
39  -0.000003 1.052597 0.000005  0.000000 -0.000000 -1.417163
40  -0.259954 4.274166 -0.539761  0.254995 -0.273672 -1.274012
41  -0.000002 1.433730 0.000003  -0.000000 -0.000000 -1.413531
42  -0.000001 1.052595 0.000001  0.000000 -0.000000 -1.291004
43  0.141349 3.871774 -1.363275  0.407658 -0.585492 -1.527708
44  -0.000000 1.065793 0.000005  0.000000 -0.000000 -1.008211
45  0.000000 0.779180 -0.000002  0.000000 0.000000 -0.885683
46  -0.895860 3.917945 0.656977  -2.986477 -0.093465 -0.132383
47  -4.123597 0.117691 2.440020  -0.494549 0.287074 2.018736
48  4.898441 0.002387 0.107849  -0.022017 0.000000 1.571278
49  9.800055 0.003912 0.214850  1.039960 0.701313 0.863047
50  4.899959 -0.000002 0.000001  -0.000002 -0.000000 1.570796
51  9.799913 -0.000001 -0.000000  0.125778 0.030779 1.468954
52  0.187870 -1.241726 -1.202012  0.978037 0.953679 0.647145
53  0.000042 -1.590427 -0.000015  -0.020282 -0.028490 -0.475982
54  -0.000068 -1.179889 0.000027  0.014008 -0.004746 -0.194940
55  0.942216 -4.324327 -1.306542  0.181920 0.019544 -1.078930
56  -0.000021 -1.287267 -0.000009  0.000000 0.000000 -1.731640
57  0.000041 -1.044488 0.000034  0.000000 -0.000000 -1.920862
58  0.662645 -4.455460 -0.385176  0.247237 -0.202282 -0.994247
59  -0.000045 -1.560869 0.000029  -0.000000 -0.000000 -1.619976
60  -0.000003 -1.052547 -0.000011  0.000000 0.000000 -1.309733
61  0.259917 -4.274169 0.539767  0.262751 -0.284052 -1.205575
62  0.000074 -1.433765 -0.000026  0.000000 -0.000000 -1.288565
63  -0.000032 -1.052585 0.000005  -0.000000 0.000000 -1.166037
64  -0.141324 -3.871756 1.363276  0.378145 -0.674668 -1.325768
65  -0.000011 -1.065864 0.000005  -0.000000 0.000000 -1.120085
66  0.000022 -0.779116 -0.000026  0.000000 0.000000 -0.997557
67  0.325555 0.019274 0.438610  -1.570795 -1.762783 0.000000
time 4
0  -0.488501 -28.020914 43.158848  1.928939 0.067329 0.234160
1  0.000000 -0.000005 0.000001  0.218383 -0.030465 0.245768
2  4.350457 -2.452280 -0.220442  -2.593382 0.194115 0.028905
3  -1.464890 6.997032 -4.285290  1.874350 0.540165 1.777664
4  8.333012 0.000002 -0.000000  1.502409 -0.000000 0.000160
5  18.142759 -0.000001 0.000001  2.603673 -0.174168 1.602365
6  0.003752 6.164960 0.152068  -1.043623 0.024669 -0.000000
7  4.617708 0.531995 -2.490240  0.002985 -2.935804 -1.531553
8  0.000000 23.516439 -0.000001  2.936168 0.042965 -0.038041
9  -0.129009 18.597672 4.167799  2.923993 -0.045183 0.003709
10  -4.350461 -2.452242 -0.220443  -1.663717 -0.147146 0.013640
11  0.000004 -8.333091 -0.000024  -0.000000 0.000000 -1.570796
12  8.333001 -0.000000 -0.000002  1.799574 1.701719 0.226878
13  18.142735 0.000005 -0.000000  -1.312752 1.513238 0.840440
14  -0.003752 -6.164953 -0.152074  -0.818202 0.024669 0.000000
15  4.617711 -2.490233 0.531993  0.112086 1.505982 1.668737
16  -0.000005 -22.180439 -0.000006  -3.136950 -0.097988 -0.021796
17  0.105567 -19.832058 -3.484192  2.890314 -0.079279 0.134365
18  -0.000000 3.918040 0.107098  0.241683 -0.080282 0.047375
19  -0.000000 3.793285 0.000002  -0.010745 -0.189201 0.084995
20  0.000000 4.392041 0.000001  -0.011909 -0.061840 0.038147
21  -0.000000 7.387564 0.000000  0.187554 0.266349 -0.119462
22  0.000002 3.276220 -0.000006  -0.236916 -0.111085 0.140687
23  0.000000 2.500005 0.000000  -1.570796 -1.570796 0.000000
24  -0.000000 2.017662 -3.069156  -0.679232 -0.000000 -0.000000
25  0.895859 3.917907 0.656978  0.181856 0.107802 0.276305
26  4.123602 -0.117654 -2.440014  -2.204240 -0.579900 -1.208050
27  4.898439 -0.002372 0.107849  3.119428 0.000148 1.570309
28  9.799994 -0.003903 0.214852  -2.831905 0.513399 -1.110659
29  4.899996 0.000004 0.000001  -1.570797 -1.570796 0.000000
30  9.799997 0.000000 0.000005  0.132379 -1.477777 -1.687372
31  -0.187859 1.241701 1.202024  1.004331 0.880998 0.628243
32  0.000000 1.590447 -0.000003  -0.064553 -0.083756 -0.392154
33  -0.000006 1.179849 -0.000002  0.013277 -0.004498 -0.116439
34  -0.942188 4.324298 1.306553  0.200718 0.008412 -0.931323
35  -0.000002 1.287344 -0.000000  -0.000000 -0.000000 -1.693734
36  0.000002 1.044395 -0.000005  0.000000 0.000000 -1.873110
37  -0.662603 4.455423 0.385190  0.283922 -0.151267 -1.194302
38  0.000003 1.560842 0.000000  -0.000000 0.000000 -1.743825
39  -0.000003 1.052593 0.000003  0.000000 0.000000 -1.417163
40  -0.259948 4.274168 -0.539760  0.254995 -0.273672 -1.274012
41  0.000001 1.433725 0.000004  -0.000000 0.000000 -1.413531
42  0.000001 1.052595 -0.000001  -0.000000 0.000000 -1.291004
43  0.141351 3.871779 -1.363273  0.407658 -0.585492 -1.527708
44  0.000001 1.065790 -0.000001  0.000000 0.000000 -1.008211
45  -0.000003 0.779180 0.000007  0.000000 0.000000 -0.885683
46  -0.895861 3.917943 0.656980  -2.985204 -0.131912 -0.116014
47  -4.123595 0.117688 2.440015  -0.220243 0.119847 1.980279
48  4.898451 0.002383 0.107852  -0.022017 0.000000 1.571278
49  9.800060 0.003911 0.214853  0.660759 0.804509 0.530261
50  4.899957 0.000002 -0.000002  -0.000002 0.000000 1.570796
51  9.799912 0.000001 -0.000002  0.097235 0.030779 1.468954
52  0.187864 -1.241733 -1.202012  0.978037 0.953679 0.647145
53  0.000050 -1.590424 -0.000014  -0.020282 -0.028490 -0.475982
54  -0.000073 -1.179885 0.000027  0.014008 -0.004746 -0.194940
55  0.942212 -4.324330 -1.306545  0.181920 0.019544 -1.078930
56  -0.000018 -1.287263 -0.000010  0.000000 0.000000 -1.731640
57  0.000040 -1.044485 0.000027  0.000000 -0.000000 -1.920862
58  0.662642 -4.455461 -0.385173  0.247237 -0.202282 -0.994247
59  -0.000047 -1.560868 0.000030  0.000000 0.000000 -1.619976
60  -0.000002 -1.052545 -0.000009  0.000000 0.000000 -1.309733
61  0.259916 -4.274171 0.539765  0.262751 -0.284052 -1.205575
62  0.000077 -1.433765 -0.000022  -0.000000 -0.000000 -1.288565
63  -0.000034 -1.052585 0.000011  -0.000000 0.000000 -1.166037
64  -0.141331 -3.871756 1.363277  0.378145 -0.674668 -1.325768
65  -0.000013 -1.065864 0.000003  0.000000 0.000000 -1.120085
66  0.000019 -0.779116 -0.000019  -0.000000 0.000000 -0.997557
67  0.325554 0.019273 0.438609  -1.570796 -1.762783 0.000000
time 5
0  -0.441624 -34.354248 44.033875  1.926996 0.059240 0.213651
1  -0.000000 0.000001 -0.000001  0.206279 -0.010762 0.246463
2  4.350456 -2.452281 -0.220442  -2.496566 0.200216 0.056984
3  -1.468796 7.067348 -4.164193  1.881632 0.523374 1.776041
4  8.333014 0.000000 -0.000000  1.492868 -0.000000 0.000160
5  18.142759 -0.000001 -0.000002  2.626405 -0.200282 1.595977
6  0.003752 6.164958 0.152068  -0.780608 0.024669 -0.000000
7  4.617710 0.531995 -2.490243  0.117881 -2.907919 -1.524133
8  0.000001 23.285963 -0.000001  -2.912323 0.034565 -0.033294
9  -0.129009 18.597670 4.167799  2.917193 -0.045183 0.003709
10  -4.350461 -2.452245 -0.220443  -1.664856 -0.153700 0.014439
11  0.000003 -8.333092 -0.000015  -0.000000 0.000000 -1.570796
12  8.332994 0.000000 0.000001  -0.715462 1.508431 -2.287183
13  18.142738 0.000001 -0.000001  -1.608900 1.521326 0.734846
14  -0.003752 -6.164958 -0.152075  -0.941188 0.024669 -0.000000
15  4.617716 -2.490238 0.531992  0.105857 1.505937 1.710158
16  -0.000005 -21.406975 -0.000001  -3.081789 -0.088742 -0.039500
17  0.121191 -19.097656 -3.890452  2.861849 -0.079279 0.134365
18  -0.000001 3.918045 0.107100  0.239250 -0.078989 0.038075
19  -0.000000 3.793285 -0.000005  -0.013034 -0.175646 0.078044
20  0.000000 4.392049 0.000006  -0.014474 -0.064154 0.037068
21  0.000001 7.387565 -0.000000  0.189481 0.266583 -0.111660
22  -0.000001 3.276224 0.000001  -0.229073 -0.115364 0.135486
23  -0.000000 2.500008 0.000000  -1.570796 -1.570796 0.000000
24  -0.000000 2.017662 -3.069157  -0.679232 -0.000000 0.000000
25  0.895861 3.917907 0.656979  0.181077 0.105153 0.290938
26  4.123601 -0.117658 -2.440009  -2.097299 -0.758614 -1.206455
27  4.898443 -0.002375 0.107850  3.119428 0.000148 1.570309
28  9.800003 -0.003902 0.214850  -2.920803 0.464576 -1.250101
29  4.900000 0.000002 -0.000000  -1.570797 -1.570796 0.000000
30  9.800003 -0.000001 0.000004  0.321080 -1.472890 -1.825327
31  -0.187864 1.241704 1.202022  1.004331 0.880998 0.628243
32  0.000004 1.590452 0.000002  -0.064553 -0.083756 -0.392154
33  -0.000005 1.179845 -0.000002  0.013277 -0.004498 -0.116439
34  -0.942186 4.324295 1.306552  0.200718 0.008412 -0.931323
35  0.000006 1.287345 -0.000001  -0.000000 0.000000 -1.693734
36  0.000001 1.044395 0.000001  -0.000000 0.000000 -1.873110
37  -0.662601 4.455425 0.385184  0.283922 -0.151267 -1.194302
38  -0.000010 1.560847 -0.000003  -0.000000 -0.000000 -1.743825
39  -0.000003 1.052598 0.000006  0.000000 -0.000000 -1.417163
40  -0.259949 4.274165 -0.539760  0.254995 -0.273672 -1.274012
41  -0.000004 1.433727 0.000007  -0.000000 0.000000 -1.413531
42  0.000003 1.052604 -0.000005  -0.000000 0.000000 -1.291004
43  0.141349 3.871775 -1.363271  0.407658 -0.585492 -1.527708
44  -0.000002 1.065793 -0.000000  0.000000 -0.000000 -1.008211
45  0.000004 0.779184 -0.000008  0.000000 0.000000 -0.885683
46  -0.895860 3.917941 0.656976  -2.983847 -0.167699 -0.100469
47  -4.123597 0.117688 2.440022  0.164837 -0.043491 1.947339
48  4.898447 0.002385 0.107853  -0.022017 -0.000000 1.571278
49  9.800056 0.003914 0.214856  0.079356 0.815246 0.067580
50  4.899960 -0.000001 -0.000003  -0.000002 -0.000000 1.570796
51  9.799919 -0.000004 -0.000006  0.070499 0.030779 1.468954
52  0.187871 -1.241726 -1.202024  0.978037 0.953679 0.647145
53  0.000040 -1.590423 -0.000012  -0.020282 -0.028490 -0.475982
54  -0.000071 -1.179893 0.000028  0.014008 -0.004746 -0.194940
55  0.942217 -4.324332 -1.306548  0.181920 0.019544 -1.078930
56  -0.000017 -1.287270 -0.000012  0.000000 -0.000000 -1.731640
57  0.000043 -1.044482 0.000035  0.000000 -0.000000 -1.920862
58  0.662646 -4.455462 -0.385181  0.247237 -0.202282 -0.994247
59  -0.000043 -1.560865 0.000030  0.000000 0.000000 -1.619976
60  0.000002 -1.052548 -0.000016  -0.000000 0.000000 -1.309733
61  0.259918 -4.274175 0.539758  0.262751 -0.284052 -1.205575
62  0.000071 -1.433766 -0.000020  -0.000000 -0.000000 -1.288565
63  -0.000038 -1.052588 0.000008  0.000000 0.000000 -1.166037
64  -0.141325 -3.871758 1.363270  0.378145 -0.674668 -1.325768
65  -0.000015 -1.065866 0.000001  0.000000 0.000000 -1.120085
66  0.000021 -0.779122 -0.000026  0.000000 -0.000000 -0.997557
67  0.325559 0.019275 0.438604  -1.570796 -1.762783 0.000000
time 6
0  -0.414280 -40.707115 44.654987  1.924110 0.049868 0.187867
1  0.000000 -0.000001 -0.000002  0.192413 0.010343 0.247254
2  4.350456 -2.452279 -0.220444  -2.599427 0.174862 0.079386
3  -1.679737 7.086874 -4.046995  1.863060 0.507357 1.803751
4  8.333014 0.000001 -0.000000  1.475313 0.031717 0.319980
5  18.142756 -0.000001 -0.000001  2.505761 -0.208371 1.621864
6  0.003752 6.164958 0.152067  -0.620746 0.024669 0.000000
7  4.617701 0.531993 -2.490241  0.119262 -2.866128 -1.511822
8  0.000001 24.004732 -0.000001  -2.778143 -0.012680 -0.053398
9  -0.129009 18.597666 4.167801  2.938412 -0.045183 0.003709
10  -4.350461 -2.452241 -0.220443  -1.672937 -0.147958 0.015096
11  0.000004 -8.333094 -0.000019  -0.000000 -0.000000 -1.570796
12  8.333000 -0.000000 -0.000008  0.749285 1.486320 -0.819713
13  18.142736 0.000004 0.000000  -1.811637 1.515795 0.614467
14  -0.003752 -6.164953 -0.152072  -1.017928 0.024669 0.000000
15  4.617710 -2.490235 0.531992  0.062607 1.500892 1.688730
16  -0.000004 -20.883520 -0.000005  -3.038646 -0.077998 -0.060873
17  0.129005 -18.597641 -4.167807  2.842517 -0.079279 0.134365
18  0.000001 3.918042 0.107095  0.235648 -0.076709 0.027517
19  -0.000000 3.793277 0.000001  -0.016438 -0.154733 0.068851
20  -0.000000 4.392047 -0.000006  -0.018309 -0.061888 0.035271
21  -0.000000 7.387565 -0.000001  0.193446 0.254489 -0.098969
22  0.000001 3.276222 -0.000002  -0.217429 -0.112571 0.122566
23  0.000000 2.500003 0.000000  -1.570796 -1.570796 0.000000
24  0.000000 2.017654 -3.069154  -0.679232 -0.000000 0.000000
25  0.895859 3.917915 0.656975  0.180345 0.102777 0.304001
26  4.123602 -0.117658 -2.440011  -2.029840 -0.922548 -1.208369
27  4.898441 -0.002373 0.107849  3.119428 0.000148 1.570309
28  9.799997 -0.003904 0.214850  0.163921 2.699515 1.775793
29  4.900002 0.000003 -0.000007  -1.570797 -1.570796 0.000000
30  9.800008 -0.000003 -0.000001  0.485931 -1.467713 -1.936344
31  -0.187858 1.241698 1.202017  1.004331 0.880998 0.628243
32  0.000005 1.590449 0.000000  -0.064553 -0.083756 -0.392154
33  -0.000001 1.179847 -0.000009  0.013277 -0.004498 -0.116439
34  -0.942185 4.324297 1.306546  0.200718 0.008412 -0.931323
35  0.000009 1.287345 0.000001  -0.000000 -0.000000 -1.693734
36  0.000000 1.044398 0.000006  0.000000 -0.000000 -1.873110
37  -0.662601 4.455416 0.385184  0.283922 -0.151267 -1.194302
38  -0.000006 1.560842 -0.000002  -0.000000 0.000000 -1.743825
39  -0.000004 1.052591 0.000003  0.000000 0.000000 -1.417163
40  -0.259949 4.274164 -0.539764  0.254995 -0.273672 -1.274012
41  -0.000002 1.433727 -0.000006  -0.000000 0.000000 -1.413531
42  0.000003 1.052595 -0.000005  -0.000000 0.000000 -1.291004
43  0.141351 3.871769 -1.363277  0.407658 -0.585492 -1.527708
44  0.000003 1.065789 -0.000001  0.000000 -0.000000 -1.008211
45  0.000000 0.779181 0.000005  -0.000000 0.000000 -0.885683
46  -0.895861 3.917949 0.656979  -2.982490 -0.199508 -0.086400
47  -4.123595 0.117705 2.440021  0.548982 -0.196509 1.916827
48  4.898448 0.002385 0.107848  -0.022017 0.000000 1.571278
49  9.800055 0.003907 0.214845  -0.423274 0.675732 -0.273061
50  4.899962 -0.000004 0.000003  -0.000002 0.000000 1.570796
51  9.799918 -0.000006 0.000005  0.046589 0.030779 1.468954
52  0.187870 -1.241724 -1.202020  0.978037 0.953679 0.647145
53  0.000044 -1.590425 -0.000014  -0.020282 -0.028490 -0.475982
54  -0.000069 -1.179886 0.000026  0.014008 -0.004746 -0.194940
55  0.942217 -4.324325 -1.306551  0.181920 0.019544 -1.078930
56  -0.000020 -1.287267 -0.000013  0.000000 0.000000 -1.731640
57  0.000033 -1.044487 0.000031  0.000000 0.000000 -1.920862
58  0.662644 -4.455463 -0.385185  0.247237 -0.202282 -0.994247
59  -0.000047 -1.560866 0.000036  -0.000000 0.000000 -1.619976
60  -0.000005 -1.052548 -0.000008  -0.000000 0.000000 -1.309733
61  0.259918 -4.274170 0.539760  0.262751 -0.284052 -1.205575
62  0.000079 -1.433767 -0.000025  0.000000 0.000000 -1.288565
63  -0.000043 -1.052587 0.000006  -0.000000 0.000000 -1.166037
64  -0.141324 -3.871756 1.363273  0.378145 -0.674668 -1.325768
65  -0.000015 -1.065866 0.000002  0.000000 0.000000 -1.120085
66  0.000025 -0.779116 -0.000023  0.000000 0.000000 -0.997557
67  0.325559 0.019276 0.438604  -1.570796 -1.762783 0.000000
time 7
0  -0.398654 -47.020916 44.475296  1.920576 0.039885 0.158171
1  -0.000000 -0.000003 0.000002  0.177719 0.031687 0.248081
2  4.350458 -2.452275 -0.220446  -2.673455 0.156793 0.095020
3  -1.859433 7.125943 -3.898561  1.846536 0.486898 1.826489
4  8.333014 -0.000002 -0.000000  1.483632 0.050280 0.522142
5  18.142756 -0.000001 0.000001  2.462117 -0.198382 1.632544
6  0.003752 6.164959 0.152070  -0.665042 0.024669 -0.000000
7  4.617702 0.531995 -2.490244  0.077454 -2.842278 -1.511941
8  0.000000 23.567226 0.000001  -2.874864 -0.052138 -0.066866
9  -0.129009 18.597670 4.167799  2.925476 -0.045183 0.003709
10  -4.350460 -2.452237 -0.220445  -1.702565 -0.131756 0.017380
11  0.000003 -8.333086 -0.000023  -0.000000 0.000000 -1.570796
12  8.332994 0.000000 0.000006  1.180983 1.370871 -0.382826
13  18.142736 0.000002 -0.000000  -1.881313 1.499423 0.446966
14  -0.003752 -6.164959 -0.152077  -1.011565 0.024669 0.000000
15  4.617711 -2.490237 0.531993  -0.024611 1.494136 1.577304
16  -0.000004 -20.797579 0.000003  -2.990433 -0.063241 -0.085138
17  0.129005 -18.550766 -4.167798  2.833371 -0.079279 0.134365
18  -0.000001 3.918035 0.107107  0.231323 -0.073395 0.016107
19  -0.000001 3.793290 0.000000  -0.020549 -0.127924 0.057993
20  -0.000001 4.392054 0.000002  -0.022947 -0.057514 0.033077
21  0.000000 7.387567 -0.000001  0.198244 0.233040 -0.082802
22  0.000001 3.276208 -0.000000  -0.203685 -0.103343 0.104110
23  0.000000 2.500005 0.000003  -1.570796 -1.570796 0.000000
24  0.000000 2.017661 -3.069160  -0.679232 0.000000 -0.000000
25  0.895860 3.917911 0.656977  0.179710 0.100783 0.314883
26  4.123602 -0.117666 -2.440009  -1.984153 -1.062140 -1.215176
27  4.898447 -0.002376 0.107850  3.119428 0.000148 1.570309
28  9.799999 -0.003902 0.214852  0.124024 2.707103 1.681463
29  4.900002 0.000003 -0.000005  -1.570797 -1.570796 0.000000
30  9.800004 -0.000002 0.000001  0.619746 -1.463524 -2.016393
31  -0.187865 1.241695 1.202025  1.004331 0.880998 0.628243
32  -0.000002 1.590445 -0.000006  -0.064553 -0.083756 -0.392154
33  -0.000003 1.179850 -0.000008  0.013277 -0.004498 -0.116439
34  -0.942190 4.324297 1.306549  0.200718 0.008412 -0.931323
35  0.000019 1.287344 0.000011  -0.000000 -0.000000 -1.693734
36  0.000001 1.044381 -0.000005  -0.000000 -0.000000 -1.873110
37  -0.662607 4.455423 0.385184  0.283922 -0.151267 -1.194302
38  -0.000005 1.560844 0.000002  -0.000000 -0.000000 -1.743825
39  -0.000004 1.052594 0.000007  0.000000 -0.000000 -1.417163
40  -0.259949 4.274159 -0.539764  0.254995 -0.273672 -1.274012
41  0.000002 1.433732 0.000003  -0.000000 0.000000 -1.413531
42  0.000001 1.052586 0.000001  -0.000000 -0.000000 -1.291004
43  0.141350 3.871767 -1.363274  0.407682 -0.585492 -1.527708
44  -0.000001 1.065789 0.000003  0.000000 -0.000000 -1.008211
45  0.000001 0.779188 0.000000  -0.000000 -0.000000 -0.885683
46  -0.895860 3.917946 0.656984  -2.981265 -0.225803 -0.074552
47  -4.123597 0.117702 2.440020  0.823132 -0.328182 1.887143
48  4.898438 0.002389 0.107847  -0.022017 -0.000000 1.571278
49  9.800055 0.003916 0.214849  -0.699457 0.517605 -0.399125
50  4.899962 0.000003 0.000001  -0.000002 -0.000000 1.570796
51  9.799917 0.000001 0.000002  0.026641 0.030779 1.468954
52  0.187872 -1.241716 -1.202016  0.978037 0.953679 0.647145
53  0.000041 -1.590415 -0.000009  -0.020282 -0.028490 -0.475982
54  -0.000077 -1.179896 0.000029  0.014008 -0.004746 -0.194940
55  0.942214 -4.324328 -1.306545  0.181920 0.019544 -1.078930
56  -0.000016 -1.287265 -0.000008  -0.000000 0.000000 -1.731640
57  0.000032 -1.044485 0.000031  -0.000000 -0.000000 -1.920862
58  0.662644 -4.455456 -0.385179  0.247237 -0.202282 -0.994247
59  -0.000046 -1.560869 0.000030  -0.000000 -0.000000 -1.619976
60  -0.000000 -1.052546 -0.000013  0.000000 0.000000 -1.309733
61  0.259920 -4.274164 0.539764  0.262751 -0.284052 -1.205575
62  0.000071 -1.433769 -0.000021  -0.000000 -0.000000 -1.288565
63  -0.000039 -1.052583 0.000007  -0.000000 0.000000 -1.166037
64  -0.141325 -3.871747 1.363272  0.378145 -0.674668 -1.325768
65  -0.000011 -1.065864 0.000007  0.000000 0.000000 -1.120085
66  0.000022 -0.779119 -0.000021  -0.000000 0.000000 -0.997557
67  0.325558 0.019280 0.438604  -1.570796 -1.762783 0.000000
time 8
0  -0.402561 -53.354248 43.885433  1.916807 0.029758 0.125274
1  0.000000 0.000004 0.000000  0.162847 0.052493 0.248908
2  4.350456 -2.452274 -0.220444  -2.770704 0.136415 0.100750
3  -2.043030 7.161097 -3.738393  1.822975 0.465585 1.848825
4  8.333015 0.000003 0.000001  1.503190 0.060559 0.729466
5  18.142759 -0.000000 0.000001  2.430075 -0.171523 1.635363
6  0.003753 6.164955 0.152067  -0.791100 0.024669 0.000000
7  4.617705 0.531994 -2.490239  0.021410 -2.828996 -1.517166
8  0.000000 22.145304 0.000002  -2.970116 -0.094750 -0.080939
9  -0.129009 18.597670 4.167802  2.883725 -0.045183 0.003709
10  -4.350461 -2.452235 -0.220444  -1.663872 -0.117388 0.010928
11  0.000003 -8.333092 -0.000016  -0.000000 0.000000 -1.570796
12  8.332995 0.000001 -0.000002  1.381880 1.135182 -0.171572
13  18.142742 -0.000011 -0.000001  -1.901425 1.479910 0.219943
14  -0.003752 -6.164958 -0.152075  -0.969587 0.024669 -0.000000
15  4.617717 -2.490244 0.531993  -0.127835 1.489136 1.415924
16  -0.000005 -20.711637 -0.000002  -2.924309 -0.042552 -0.109669
17  0.129004 -18.507793 -4.171719  2.824571 -0.079279 0.134365
18  0.000000 3.918044 0.107101  0.226581 -0.068956 0.004027
19  0.000000 3.793285 -0.000002  -0.025067 -0.096224 0.045853
20  -0.000000 4.392041 0.000000  -0.028016 -0.051234 0.030549
21  0.000000 7.387569 0.000009  0.203024 0.202740 -0.064082
22  -0.000000 3.276215 0.000002  -0.189285 -0.088267 0.081951
23  0.000000 2.500005 0.000002  -1.570796 -1.570796 0.000000
24  0.000000 2.017658 -3.069153  -0.679232 -0.000000 -0.000000
25  0.895861 3.917914 0.656983  0.179207 0.099308 0.323141
26  4.123600 -0.117657 -2.440015  -1.950198 -1.170548 -1.227016
27  4.898437 -0.002375 0.107850  3.119428 0.000148 1.570309
28  9.799999 -0.003908 0.214851  0.095467 2.707669 1.609640
29  4.899992 -0.000005 0.000005  -1.570797 -1.570796 0.000000
30  9.799996 -0.000008 0.000007  0.719366 -1.461372 -2.065573
31  -0.187868 1.241705 1.202024  1.004331 0.880998 0.628243
32  -0.000003 1.590444 -0.000000  -0.064553 -0.083756 -0.392154
33  -0.000004 1.179849 -0.000008  0.013277 -0.004498 -0.116439
34  -0.942194 4.324303 1.306552  0.200718 0.008412 -0.931323
35  -0.000002 1.287343 -0.000001  0.000000 -0.000000 -1.693734
36  0.000000 1.044398 -0.000006  -0.000000 0.000000 -1.873110
37  -0.662609 4.455431 0.385185  0.283922 -0.151267 -1.194302
38  -0.000011 1.560843 -0.000003  -0.000000 -0.000000 -1.743825
39  -0.000009 1.052588 0.000009  0.000000 0.000000 -1.417163
40  -0.259953 4.274167 -0.539759  0.254995 -0.273672 -1.274012
41  -0.000011 1.433727 -0.000000  -0.000000 -0.000000 -1.413531
42  0.000004 1.052578 -0.000011  0.000000 0.000000 -1.291004
43  0.141348 3.871773 -1.363271  0.407658 -0.585492 -1.527708
44  0.000002 1.065797 -0.000002  0.000000 -0.000000 -1.008211
45  -0.000003 0.779186 -0.000004  -0.000000 0.000000 -0.885683
46  -0.895861 3.917948 0.656984  -2.980280 -0.245541 -0.065421
47  -4.123600 0.117694 2.440021  0.989079 -0.430505 1.860796
48  4.898438 0.002386 0.107849  -0.022017 -0.000000 1.571278
49  9.800052 0.003911 0.214850  -0.839466 0.410269 -0.427384
50  4.899967 0.000000 -0.000003  -0.000002 -0.000000 1.570796
51  9.799916 -0.000002 -0.000007  0.011466 0.030779 1.468954
52  0.187873 -1.241720 -1.202014  0.978037 0.953679 0.647145
53  0.000039 -1.590427 -0.000014  -0.020282 -0.028490 -0.475982
54  -0.000070 -1.179893 0.000030  0.014008 -0.004746 -0.194940
55  0.942219 -4.324324 -1.306544  0.181920 0.019544 -1.078930
56  -0.000014 -1.287271 -0.000011  0.000000 0.000000 -1.731640
57  0.000041 -1.044488 0.000030  -0.000000 0.000000 -1.920862
58  0.662646 -4.455458 -0.385178  0.247237 -0.202282 -0.994247
59  -0.000041 -1.560869 0.000034  -0.000000 0.000000 -1.619976
60  0.000000 -1.052554 -0.000014  -0.000000 0.000000 -1.309733
61  0.259921 -4.274166 0.539763  0.262751 -0.284052 -1.205575
62  0.000068 -1.433762 -0.000023  -0.000000 0.000000 -1.288565
63  -0.000037 -1.052586 0.000008  -0.000000 -0.000000 -1.166037
64  -0.141323 -3.871749 1.363274  0.378145 -0.674668 -1.325768
65  -0.000010 -1.065867 0.000004  -0.000000 0.000000 -1.120085
66  0.000024 -0.779117 -0.000023  -0.000000 0.000000 -0.997557
67  0.325562 0.019283 0.438606  -1.570795 -1.762783 0.000000
time 9
0  -0.437718 -59.707115 43.455734  1.912979 0.020074 0.090005
1  0.000000 0.000007 0.000005  0.148573 0.071752 0.249699
2  4.350456 -2.452274 -0.220440  -2.866225 0.114229 0.094683
3  -2.187566 7.196267 -3.586047  1.796083 0.445074 1.866041
4  8.333013 -0.000003 0.000001  1.523258 0.058700 0.889270
5  18.142757 0.000000 -0.000003  2.443128 -0.135599 1.623338
6  0.003753 6.164957 0.152069  -0.945919 0.024669 -0.000000
7  4.617699 0.531995 -2.490243  -0.019968 -2.843269 -1.529095
8  0.000000 20.606194 0.000002  -3.065140 -0.116291 -0.086994
9  -0.129010 18.597668 4.167801  2.818465 -0.045183 0.003709
10  -4.350460 -2.452232 -0.220446  -1.519719 -0.108867 -0.005574
11  0.000003 -8.333094 -0.000011  0.000000 0.000000 -1.570796
12  8.332999 0.000000 -0.000007  1.467760 0.783975 -0.072846
13  18.142738 0.000008 -0.000000  -1.903713 1.460620 -0.024249
14  -0.003752 -6.164949 -0.152077  -0.920781 0.024669 -0.000000
15  4.617713 -2.490237 0.531993  -0.240740 1.486929 1.229576
16  -0.000005 -20.406940 -0.000003  -2.858411 -0.019368 -0.128885
17  0.129004 -18.343729 -4.175609  2.793079 -0.079279 0.134365
18  -0.000000 3.918045 0.107104  0.221825 -0.063286 -0.008425
19  0.000001 3.793281 0.000001  -0.029633 -0.060846 0.032898
20  0.000001 4.392045 -0.000000  -0.033098 -0.043312 0.027780
21  0.000001 7.387571 -0.000002  0.206952 0.164384 -0.043768
22  0.000000 3.276218 -0.000005  -0.175698 -0.068288 0.058005
23  0.000000 2.500010 -0.000006  -1.570796 -1.570796 0.000000
24  0.000000 2.017658 -3.069160  -0.679232 -0.000000 0.000000
25  0.895860 3.917915 0.656973  0.178895 0.098379 0.328234
26  4.123600 -0.117664 -2.440008  -1.949678 -1.170474 -1.227964
27  4.898441 -0.002375 0.107847  3.119428 0.000148 1.570309
28  9.800002 -0.003905 0.214847  0.077811 2.706338 1.564627
29  4.899991 -0.000003 -0.000001  -1.570797 -1.570796 0.000000
30  9.799996 -0.000004 0.000001  0.780286 -1.462302 -2.084076
31  -0.187862 1.241697 1.202027  1.004331 0.880998 0.628243
32  -0.000003 1.590448 -0.000015  -0.064553 -0.083756 -0.392154
33  -0.000009 1.179849 -0.000007  0.013277 -0.004498 -0.116439
34  -0.942187 4.324293 1.306557  0.200718 0.008412 -0.931323
35  0.000009 1.287344 0.000010  0.000000 0.000000 -1.693734
36  0.000003 1.044393 -0.000005  0.000000 -0.000000 -1.873110
37  -0.662601 4.455415 0.385193  0.283922 -0.151267 -1.194302
38  -0.000008 1.560837 0.000003  -0.000000 0.000000 -1.743825
39  -0.000004 1.052591 0.000009  0.000000 -0.000000 -1.417163
40  -0.259951 4.274161 -0.539761  0.254995 -0.273672 -1.274012
41  -0.000002 1.433725 -0.000002  -0.000000 0.000000 -1.413531
42  -0.000003 1.052593 -0.000006  -0.000000 0.000000 -1.291004
43  0.141351 3.871770 -1.363275  0.407658 -0.585492 -1.527708
44  0.000003 1.065792 0.000001  0.000000 -0.000000 -1.008211
45  -0.000001 0.779188 -0.000002  -0.000000 0.000000 -0.885683
46  -0.895859 3.917955 0.656982  -2.979668 -0.257392 -0.059686
47  -4.123598 0.117701 2.440025  1.076530 -0.495602 1.842202
48  4.898435 0.002387 0.107849  -0.022017 0.000000 1.571278
49  9.800040 0.003909 0.214850  -0.906547 0.353184 -0.427767
50  4.899960 -0.000003 0.000002  -0.000002 -0.000000 1.570796
51  9.799917 -0.000004 -0.000002  0.002060 0.030779 1.468954
52  0.187863 -1.241727 -1.202023  0.978037 0.953679 0.647145
53  0.000041 -1.590424 -0.000016  -0.020282 -0.028490 -0.475982
54  -0.000073 -1.179891 0.000024  0.014008 -0.004746 -0.194940
55  0.942213 -4.324327 -1.306552  0.181920 0.019544 -1.078930
56  -0.000019 -1.287266 -0.000014  0.000000 0.000000 -1.731640
57  0.000039 -1.044488 0.000033  0.000000 -0.000000 -1.920862
58  0.662642 -4.455461 -0.385186  0.247237 -0.202282 -0.994247
59  -0.000045 -1.560868 0.000031  0.000000 0.000000 -1.619976
60  -0.000003 -1.052548 -0.000005  -0.000000 0.000000 -1.309733
61  0.259917 -4.274172 0.539761  0.262751 -0.284064 -1.205575
62  0.000072 -1.433774 -0.000023  0.000000 -0.000000 -1.288565
63  -0.000040 -1.052588 0.000008  -0.000000 0.000000 -1.166037
64  -0.141328 -3.871754 1.363267  0.378145 -0.674668 -1.325768
65  -0.000007 -1.065869 0.000005  -0.000000 0.000000 -1.120085
66  0.000024 -0.779119 -0.000018  0.000000 -0.000000 -0.997557
67  0.325557 0.019275 0.438604  -1.570795 -1.762783 0.000000
time 10
0  -0.511939 -66.020912 42.959625  1.909446 0.011481 0.053730
1  0.000000 -0.000006 -0.000005  0.135809 0.088338 0.250382
2  4.350456 -2.452282 -0.220437  -2.964289 0.084283 0.086593
3  -2.273509 7.223618 -3.476671  1.759948 0.430685 1.875840
4  8.333013 -0.000003 -0.000001  1.535992 0.059410 1.040505
5  18.142761 -0.000001 -0.000001  2.471561 -0.103887 1.604899
6  0.003752 6.164962 0.152071  -1.075030 0.024669 0.000000
7  4.617711 0.531995 -2.490244  -0.044572 -2.868109 -1.540118
8  0.000000 20.028049 0.000003  3.092474 -0.124078 -0.083749
9  -0.129009 18.597668 4.167803  2.759932 -0.045183 0.003709
10  -4.350460 -2.452246 -0.220443  -1.346300 -0.096466 -0.021990
11  0.000003 -8.333089 -0.000012  -0.000000 -0.000000 -1.570796
12  8.332999 -0.000001 0.000000  1.496227 0.473293 -0.034027
13  18.142742 0.000011 0.000000  -1.913054 1.441329 -0.197664
14  -0.003752 -6.164955 -0.152062  -0.894244 0.024669 0.000000
15  4.617714 -2.490234 0.531993  -0.354890 1.485578 1.064944
16  -0.000006 -20.039747 -0.000004  -2.829649 -0.002294 -0.141429
17  0.129005 -18.144505 -4.187332  2.755045 -0.079279 0.134365
18  0.000000 3.918040 0.107090  0.217499 -0.056369 -0.020889
19  0.000000 3.793280 0.000001  -0.033852 -0.023370 0.019739
20  -0.000000 4.392041 -0.000005  -0.037736 -0.034084 0.024856
21  -0.000000 7.387568 0.000004  0.209379 0.119377 -0.022819
22  0.000000 3.276215 -0.000004  -0.164164 -0.044918 0.034204
23  0.000000 2.500002 0.000013  -1.570796 -1.570796 0.000000
24  0.000000 2.017657 -3.069144  -0.679232 0.000000 0.000000
25  0.895860 3.917908 0.656978  0.178811 0.098134 0.329588
26  4.123602 -0.117660 -2.440016  -1.949382 -1.169898 -1.228483
27  4.898445 -0.002372 0.107849  3.119428 0.000148 1.570309
28  9.800005 -0.003902 0.214849  0.072606 2.706271 1.551469
29  4.899997 -0.000003 -0.000003  -1.570797 -1.570796 0.000000
30  9.800000 -0.000006 -0.000000  0.798006 -1.466549 -2.073051
31  -0.187863 1.241698 1.202023  1.004331 0.880998 0.628243
32  -0.000007 1.590451 -0.000003  -0.064553 -0.083756 -0.392154
33  0.000001 1.179850 -0.000008  0.013277 -0.004498 -0.116439
34  -0.942187 4.324295 1.306555  0.200718 0.008412 -0.931323
35  0.000013 1.287341 -0.000000  0.000000 -0.000000 -1.693734
36  0.000002 1.044397 -0.000005  -0.000000 0.000000 -1.873110
37  -0.662603 4.455419 0.385182  0.283922 -0.151267 -1.194302
38  0.000002 1.560847 0.000002  0.000000 0.000000 -1.743825
39  -0.000005 1.052600 0.000002  0.000000 -0.000000 -1.417163
40  -0.259947 4.274159 -0.539754  0.254995 -0.273672 -1.274012
41  0.000005 1.433729 0.000007  -0.000000 0.000000 -1.413531
42  -0.000001 1.052599 -0.000005  -0.000000 0.000000 -1.291004
43  0.141354 3.871768 -1.363276  0.407658 -0.585492 -1.527708
44  0.000005 1.065799 0.000003  0.000000 -0.000000 -1.008211
45  -0.000001 0.779179 -0.000002  0.000000 0.000000 -0.885683
46  -0.895861 3.917941 0.656987  -2.979524 -0.260025 -0.057961
47  -4.123600 0.117701 2.440026  1.101760 -0.516176 1.835995
48  4.898420 0.002387 0.107848  -0.022017 0.000000 1.571278
49  9.800033 0.003910 0.214850  -0.925713 0.338240 -0.427863
50  4.899967 0.000000 -0.000000  -0.000002 0.000000 1.570796
51  9.799916 -0.000002 -0.000005  -0.000535 0.030779 1.468954
52  0.187864 -1.241733 -1.202020  0.978037 0.953679 0.647145
53  0.000039 -1.590429 -0.000016  -0.020282 -0.028490 -0.475982
54  -0.000068 -1.179895 0.000027  0.014008 -0.004746 -0.194940
55  0.942212 -4.324328 -1.306554  0.181920 0.019544 -1.078930
56  -0.000017 -1.287268 -0.000014  0.000000 0.000000 -1.731640
57  0.000038 -1.044485 0.000032  -0.000000 0.000000 -1.920862
58  0.662642 -4.455466 -0.385185  0.247237 -0.202282 -0.994247
59  -0.000041 -1.560872 0.000036  0.000000 -0.000000 -1.619976
60  0.000000 -1.052548 -0.000012  0.000000 0.000000 -1.309733
61  0.259915 -4.274178 0.539760  0.262751 -0.284052 -1.205575
62  0.000083 -1.433774 -0.000014  -0.000000 0.000000 -1.288565
63  -0.000041 -1.052591 0.000004  -0.000000 0.000000 -1.166037
64  -0.141330 -3.871757 1.363268  0.378145 -0.674668 -1.325768
65  -0.000007 -1.065868 0.000006  -0.000000 0.000000 -1.120085
66  0.000018 -0.779124 -0.000020  0.000000 0.000000 -0.997557
67  0.325555 0.019271 0.438605  -1.570796 -1.762783 0.000000
time 11
0  -0.613505 -72.354248 42.436172  1.906560 0.004470 0.017098
1  0.000000 -0.000001 -0.000002  0.125227 0.101438 0.250933
2  4.350455 -2.452278 -0.220443  -3.073100 0.044119 0.080423
3  -2.273509 7.243138 -3.437604  1.711355 0.425286 1.875103
4  8.333013 -0.000006 -0.000000  1.543360 0.069182 1.192646
5  18.142757 -0.000001 0.000001  2.522996 -0.078055 1.583176
6  0.003752 6.164955 0.152062  -1.156340 0.024669 0.000000
7  4.617705 0.531993 -2.490242  -0.052653 -2.901461 -1.550449
8  0.000000 20.367907 -0.000003  2.940942 -0.118562 -0.072921
9  -0.129010 18.597670 4.167802  2.794352 -0.045183 0.003709
10  -4.350461 -2.452239 -0.220443  -1.186400 -0.081259 -0.032810
11  0.000004 -8.333086 -0.000018  -0.000000 0.000000 -1.570796
12  8.333004 -0.000000 -0.000004  1.502074 0.281722 -0.019074
13  18.142735 0.000005 0.000000  -1.922871 1.424679 -0.268156
14  -0.003752 -6.164954 -0.152080  -0.914612 0.024669 -0.000000
15  4.617707 -2.490237 0.531993  -0.385944 1.485713 1.028880
16  -0.000005 -19.387381 -0.000011  -2.835469 0.009868 -0.153751
17  0.129004 -17.796831 -4.199059  2.688097 -0.079279 0.134365
18  0.000000 3.918036 0.107093  0.213913 -0.048069 -0.033161
19  -0.000000 3.793281 -0.000016  -0.037411 0.015280 0.006699
20  0.000000 4.392043 0.000004  -0.041571 -0.023729 0.021848
21  0.000000 7.387575 -0.000001  0.209879 0.068511 -0.001546
22  0.000000 3.276208 -0.000000  -0.155422 -0.019463 0.011853
23  -0.000000 2.500008 -0.000009  -1.570796 -1.570796 0.000000
24  -0.000000 2.017658 -3.069167  -0.679232 -0.000000 0.000000
25  0.895860 3.917908 0.656974  0.178979 0.098625 0.326940
26  4.123602 -0.117668 -2.440014  -1.949196 -1.168324 -1.228757
27  4.898447 -0.002364 0.107850  3.119428 0.000148 1.570309
28  9.800004 -0.003903 0.214850  0.080226 2.708967 1.571156
29  4.899994 0.000003 -0.000000  -1.570797 -1.570796 0.000000
30  9.800002 -0.000005 0.000001  0.770037 -1.474112 -2.034129
31  -0.187857 1.241698 1.202023  1.004331 0.880998 0.628243
32  0.000001 1.590446 -0.000004  -0.064553 -0.083756 -0.392154
33  -0.000006 1.179847 0.000005  0.013277 -0.004498 -0.116439
34  -0.942182 4.324293 1.306551  0.200718 0.008412 -0.931323
35  0.000011 1.287344 0.000007  0.000000 -0.000000 -1.693734
36  0.000002 1.044398 -0.000009  -0.000000 -0.000000 -1.873110
37  -0.662602 4.455422 0.385187  0.283922 -0.151267 -1.194302
38  -0.000009 1.560849 -0.000010  -0.000000 -0.000000 -1.743825
39  -0.000006 1.052583 0.000010  0.000000 0.000000 -1.417163
40  -0.259946 4.274160 -0.539756  0.254995 -0.273672 -1.274012
41  0.000006 1.433727 0.000006  -0.000000 0.000000 -1.413531
42  0.000002 1.052586 -0.000011  -0.000000 0.000000 -1.291004
43  0.141352 3.871775 -1.363277  0.407658 -0.585492 -1.527708
44  0.000000 1.065790 -0.000000  0.000000 0.000000 -1.008211
45  -0.000001 0.779183 0.000002  -0.000000 0.000000 -0.885683
46  -0.895860 3.917944 0.656980  -2.979920 -0.252605 -0.060378
47  -4.123599 0.117704 2.440025  1.072402 -0.492291 1.843168
48  4.898437 0.002382 0.107848  -0.022017 0.000000 1.571278
49  9.800055 0.003908 0.214850  -0.906643 0.362373 -0.436772
50  4.899969 0.000001 0.000003  -0.000002 -0.000000 1.570796
51  9.799923 0.000000 0.000000  0.004099 0.030779 1.468954
52  0.187870 -1.241727 -1.202020  0.978037 0.953679 0.647145
53  0.000040 -1.590426 -0.000015  -0.020282 -0.028490 -0.475982
54  -0.000072 -1.179888 0.000033  0.014008 -0.004746 -0.194940
55  0.942215 -4.324334 -1.306553  0.181920 0.019544 -1.078930
56  -0.000017 -1.287273 -0.000009  0.000000 0.000000 -1.731640
57  0.000038 -1.044483 0.000035  -0.000000 0.000000 -1.920862
58  0.662646 -4.455462 -0.385186  0.247237 -0.202282 -0.994247
59  -0.000049 -1.560866 0.000029  0.000000 0.000000 -1.619976
60  -0.000007 -1.052549 -0.000010  0.000000 -0.000000 -1.309733
61  0.259920 -4.274167 0.539759  0.262751 -0.284052 -1.205575
62  0.000073 -1.433769 -0.000024  -0.000000 0.000000 -1.288565
63  -0.000047 -1.052586 0.000011  -0.000000 0.000000 -1.166037
64  -0.141325 -3.871756 1.363266  0.378145 -0.674668 -1.325768
65  -0.000013 -1.065864 0.000005  0.000000 0.000000 -1.120085
66  0.000014 -0.779113 -0.000025  0.000000 -0.000000 -0.997557
67  0.325561 0.019275 0.438603  -1.570796 -1.762783 0.000000
time 12
0  -0.726789 -78.707115 41.928345  1.904617 -0.000336 -0.018940
1  0.000000 0.000001 0.000001  0.117629 0.110031 0.251305
2  4.350459 -2.452276 -0.220434  3.083380 -0.006739 0.079593
3  -2.144595 7.266579 -3.472755  1.648257 0.430169 1.858202
4  8.333016 -0.000012 0.000000  1.549472 0.090585 1.339146
5  18.142763 -0.000001 0.000004  2.583503 -0.056639 1.558738
6  0.003752 6.164954 0.152068  -1.204570 0.024669 -0.000000
7  4.617706 0.531994 -2.490238  -0.058696 -2.951545 -1.562641
8  0.000000 20.781979 -0.000001  2.797444 -0.090821 -0.058703
9  -0.129009 18.597666 4.167802  2.836127 -0.045183 0.003709
10  -4.350458 -2.452241 -0.220441  -1.094873 -0.065948 -0.033952
11  0.000004 -8.333091 -0.000013  0.000000 -0.000000 -1.570796
12  8.333003 -0.000000 0.000007  1.491818 0.283604 -0.022141
13  18.142738 0.000003 -0.000000  -1.931641 1.412894 -0.217505
14  -0.003752 -6.164957 -0.152070  -0.957250 0.024669 -0.000000
15  4.617713 -2.490235 0.531993  -0.311856 1.487424 1.145777
16  -0.000005 -18.754547 -0.000014  -2.890854 0.013482 -0.165694
17  0.129005 -17.456982 -4.214696  2.622854 -0.079279 0.134365
18  0.000000 3.918042 0.107102  0.211480 -0.038294 -0.044954
19  -0.000000 3.793277 -0.000006  -0.039892 0.053895 -0.005705
20  0.000000 4.392040 0.000002  -0.044184 -0.012500 0.018828
21  0.000000 7.387569 0.000001  0.208156 0.013032 0.019834
22  -0.000000 3.276227 -0.000004  -0.149983 0.006352 -0.007742
23  0.000000 2.500007 -0.000002  -1.570796 -1.570796 0.000000
24  0.000000 2.017656 -3.069155  -0.679232 -0.000000 0.000000
25  0.895860 3.917913 0.656973  0.179363 0.099745 0.320660
26  4.123600 -0.117658 -2.440020  -1.949014 -1.165256 -1.228966
27  4.898450 -0.002383 0.107847  3.119428 0.000148 1.570309
28  9.800001 -0.003904 0.214851  0.098316 2.713560 1.618593
29  4.900002 -0.000001 -0.000001  -1.570797 -1.570796 0.000000
30  9.800009 -0.000005 0.000001  0.697047 -1.484292 -1.969131
31  -0.187858 1.241705 1.202019  1.004331 0.880998 0.628243
32  -0.000006 1.590446 -0.000008  -0.064553 -0.083756 -0.392154
33  -0.000001 1.179851 -0.000006  0.013277 -0.004498 -0.116439
34  -0.942185 4.324303 1.306541  0.200718 0.008412 -0.931323
35  0.000004 1.287342 0.000003  -0.000000 -0.000000 -1.693734
36  -0.000002 1.044393 -0.000012  -0.000000 0.000000 -1.873110
37  -0.662601 4.455430 0.385181  0.283922 -0.151267 -1.194302
38  -0.000006 1.560847 0.000003  -0.000000 0.000000 -1.743825
39  -0.000005 1.052585 0.000001  0.000000 0.000000 -1.417163
40  -0.259948 4.274171 -0.539770  0.254995 -0.273672 -1.274012
41  -0.000004 1.433733 -0.000005  -0.000000 -0.000000 -1.413531
42  0.000003 1.052599 0.000005  -0.000000 0.000000 -1.291004
43  0.141356 3.871775 -1.363280  0.407658 -0.585492 -1.527708
44  0.000002 1.065790 -0.000005  0.000000 -0.000000 -1.008211
45  -0.000002 0.779171 -0.000001  -0.000000 0.000000 -0.885683
46  -0.895860 3.917950 0.656990  -2.980749 -0.236021 -0.066309
47  -4.123599 0.117696 2.440016  0.990870 -0.431791 1.860465
48  4.898429 0.002388 0.107850  -0.022017 -0.000000 1.571278
49  9.800036 0.003910 0.214851  -0.849528 0.426391 -0.448746
50  4.899951 -0.000001 0.000003  -0.000002 -0.000000 1.570796
51  9.799904 0.000001 0.000007  0.015335 0.030779 1.468954
52  0.187869 -1.241732 -1.202021  0.978037 0.953679 0.647145
53  0.000039 -1.590421 -0.000006  -0.020282 -0.028490 -0.475982
54  -0.000066 -1.179895 0.000024  0.014008 -0.004746 -0.194940
55  0.942217 -4.324339 -1.306546  0.181920 0.019544 -1.078930
56  -0.000018 -1.287261 -0.000011  0.000000 0.000000 -1.731640
57  0.000032 -1.044481 0.000033  0.000000 0.000000 -1.920862
58  0.662647 -4.455467 -0.385177  0.247237 -0.202282 -0.994247
59  -0.000043 -1.560868 0.000030  -0.000000 0.000000 -1.619976
60  -0.000009 -1.052547 -0.000004  0.000000 0.000000 -1.309733
61  0.259920 -4.274179 0.539764  0.262751 -0.284052 -1.205575
62  0.000079 -1.433770 -0.000021  0.000000 0.000000 -1.288565
63  -0.000038 -1.052575 0.000007  -0.000000 0.000000 -1.166037
64  -0.141324 -3.871762 1.363271  0.378145 -0.674668 -1.325768
65  -0.000007 -1.065861 0.000009  0.000000 0.000000 -1.120085
66  0.000024 -0.779110 -0.000018  0.000000 0.000000 -0.997557
67  0.325557 0.019271 0.438600  -1.570796 -1.762783 0.000000
time 13
0  -0.843980 -85.020912 41.475204  1.903910 -0.002385 -0.053023
1  0.000000 -0.000007 0.000004  0.113830 0.113087 0.251437
2  4.350458 -2.452279 -0.220444  2.946791 -0.062721 0.090586
3  -1.855524 7.297824 -3.566513  1.572873 0.442439 1.820167
4  8.333021 -0.000011 0.000000  1.557859 0.122640 1.465211
5  18.142763 -0.000002 0.000003  2.612442 -0.040976 1.534171
6  0.003753 6.164960 0.152060  -1.223631 0.024669 0.000000
7  4.617711 0.531994 -2.490240  -0.071779 -3.014177 -1.575119
8  -0.000000 21.110109 -0.000005  2.685000 -0.043359 -0.043443
9  -0.129009 18.597660 4.167798  2.853247 -0.045183 0.003709
10  -4.350460 -2.452245 -0.220449  -1.147448 -0.043426 -0.019563
11  0.000002 -8.333092 -0.000006  0.000000 -0.000000 -1.570796
12  8.332994 -0.000001 -0.000005  1.452616 0.615336 -0.068437
13  18.142735 0.000003 -0.000001  -1.974723 1.405083 0.021918
14  -0.003752 -6.164955 -0.152069  -0.976454 0.024669 0.000000
15  4.617709 -2.490236 0.531992  -0.254926 1.487920 1.296157
16  -0.000005 -19.074871 -0.000007  -3.068873 -0.011140 -0.163714
17  0.129005 -17.628862 -4.206869  2.655745 -0.079279 0.134365
18  -0.000000 3.918033 0.107103  0.210587 -0.027060 -0.055872
19  0.000001 3.793291 0.000003  -0.040935 0.090891 -0.016934
20  0.000000 4.392046 0.000004  -0.045130 -0.000779 0.015928
21  0.000000 7.387567 0.000001  0.204155 -0.045079 0.041299
22  -0.000000 3.276228 0.000001  -0.148064 0.030537 -0.023334
23  0.000000 2.500006 0.000002  -1.570796 -1.570796 0.000000
24  0.000000 2.017656 -3.069151  -0.679232 0.000000 -0.000000
25  0.895860 3.917917 0.656976  0.179914 0.101438 0.311396
26  4.123600 -0.117663 -2.440029  -1.978738 -1.063765 -1.219784
27  4.898436 -0.002381 0.107848  3.119428 0.000148 1.570309
28  9.799994 -0.003899 0.214848  0.125264 2.717154 1.688932
29  4.899993 0.000004 0.000002  -1.570797 -1.570796 0.000000
30  9.799992 0.000001 0.000006  0.578461 -1.495752 -1.877096
31  -0.187867 1.241701 1.202021  1.004331 0.880998 0.628243
32  -0.000001 1.590450 -0.000013  -0.064553 -0.083756 -0.392154
33  0.000001 1.179849 -0.000011  0.013277 -0.004498 -0.116439
34  -0.942194 4.324288 1.306555  0.200718 0.008412 -0.931323
35  0.000013 1.287340 0.000003  0.000000 -0.000000 -1.693734
36  0.000000 1.044399 -0.000004  0.000000 0.000000 -1.873110
37  -0.662604 4.455415 0.385191  0.283922 -0.151267 -1.194302
38  -0.000010 1.560846 -0.000006  -0.000000 0.000000 -1.743825
39  -0.000001 1.052596 0.000004  0.000000 0.000000 -1.417163
40  -0.259948 4.274155 -0.539761  0.254995 -0.273672 -1.274012
41  0.000008 1.433727 0.000005  -0.000000 0.000000 -1.413531
42  0.000000 1.052597 -0.000003  -0.000000 -0.000000 -1.291004
43  0.141347 3.871767 -1.363270  0.407658 -0.585492 -1.527708
44  0.000006 1.065794 -0.000003  0.000000 -0.000000 -1.008211
45  -0.000002 0.779178 0.000005  0.000000 0.000000 -0.885683
46  -0.895860 3.917943 0.656990  -2.981890 -0.211880 -0.075192
47  -4.123598 0.117697 2.440023  0.845482 -0.340687 1.884080
48  4.898437 0.002387 0.107851  -0.022017 -0.000000 1.571278
49  9.800057 0.003921 0.214858  -0.736640 0.537262 -0.439741
50  4.899963 -0.000002 -0.000008  -0.000002 0.000000 1.570796
51  9.799917 -0.000003 -0.000009  0.031970 0.030779 1.468954
52  0.187869 -1.241719 -1.202016  0.978037 0.953679 0.647145
53  0.000029 -1.590425 -0.000011  -0.020282 -0.028490 -0.475982
54  -0.000079 -1.179889 0.000029  0.014008 -0.004746 -0.194940
55  0.942216 -4.324321 -1.306556  0.181920 0.019544 -1.078930
56  -0.000024 -1.287268 -0.000012  0.000000 -0.000000 -1.731640
57  0.000039 -1.044486 0.000024  0.000000 -0.000000 -1.920862
58  0.662645 -4.455456 -0.385180  0.247237 -0.202282 -0.994247
59  -0.000044 -1.560869 0.000022  0.000000 0.000000 -1.619976
60  -0.000002 -1.052547 -0.000003  0.000000 0.000000 -1.309733
61  0.259921 -4.274166 0.539766  0.262751 -0.284052 -1.205575
62  0.000072 -1.433766 -0.000020  0.000000 0.000000 -1.288565
63  -0.000041 -1.052583 0.000008  0.000000 0.000000 -1.166037
64  -0.141325 -3.871751 1.363269  0.378145 -0.674668 -1.325768
65  -0.000008 -1.065871 0.000005  -0.000000 0.000000 -1.120085
66  0.000027 -0.779124 -0.000027  -0.000000 0.000000 -0.997557
67  0.325557 0.019280 0.438603  -1.570796 -1.762783 0.000000
time 14
0  -0.945546 -91.354248 41.115818  1.906560 -0.002265 -0.084616
1  -0.000000 0.000002 -0.000005  0.138494 0.117161 0.184946
2  4.350457 -2.452289 -0.220448  2.780313 -0.072199 0.110550
3  -1.105500 7.340799 -3.785275  1.508087 0.471682 1.720516
4  8.333019 -0.000010 0.000001  1.572494 0.119665 1.584997
5  18.142756 -0.000002 0.000003  2.590519 -0.035224 1.512888
6  0.003751 6.164961 0.152067  -1.196385 0.024669 -0.000000
7  4.617707 0.531994 -2.490242  3.046771 -0.074324 1.555762
8  -0.000000 21.305429 0.000003  2.618460 0.006211 -0.028667
9  -0.129010 18.597662 4.167802  2.858938 -0.045183 0.003709
10  -4.350461 -2.452254 -0.220449  -1.099380 0.004921 0.002506
11  0.000004 -8.333088 -0.000008  0.000000 0.000000 -1.570796
12  8.332994 0.000000 -0.000001  1.488367 0.839765 -0.061440
13  18.142742 -0.000019 -0.000000  -2.172886 1.399774 0.296444
14  -0.003752 -6.164947 -0.152079  -0.864137 0.024669 0.000000
15  4.617716 -2.490249 0.531992  -0.213712 1.486208 1.469590
16  -0.000004 -19.031898 -0.000011  3.050861 -0.037720 -0.158443
17  0.129004 -17.605423 -4.210789  2.651076 -0.079279 0.134365
18  -0.000000 3.918042 0.107097  0.213913 -0.016540 -0.065747
19  0.000000 3.793283 -0.000001  -0.037842 0.125359 -0.026606
20  -0.000000 4.392056 -0.000003  -0.041571 0.011266 0.013183
21  -0.000001 7.387563 0.000001  0.197855 -0.102001 0.063410
22  -0.000001 3.276227 -0.000005  -0.154499 0.056927 -0.041335
23  0.000000 2.500013 0.000008  -1.570796 -1.570796 0.000000
24  0.000000 2.017666 -3.069153  -0.679232 0.000000 0.000000
25  0.895860 3.917904 0.656972  0.180585 0.103569 0.299627
26  4.123605 -0.117658 -2.440012  -2.018446 -0.934304 -1.214998
27  4.898441 -0.002373 0.107847  3.119428 0.000148 1.570309
28  9.799997 -0.003894 0.214849  0.161318 2.715224 1.779157
29  4.900010 -0.000005 -0.000009  -1.570797 -1.570796 0.000000
30  9.799999 -0.000005 -0.000002  0.417540 -1.506572 -1.760999
31  -0.187862 1.241692 1.202028  1.004331 0.880998 0.628243
32  0.000004 1.590445 -0.000003  -0.064553 -0.083756 -0.392154
33  -0.000008 1.179854 -0.000015  0.013277 -0.004498 -0.116439
34  -0.942191 4.324294 1.306559  0.200718 0.008412 -0.931323
35  0.000002 1.287343 -0.000003  -0.000000 0.000000 -1.693734
36  0.000001 1.044396 0.000002  -0.000000 0.000000 -1.873110
37  -0.662605 4.455426 0.385188  0.283922 -0.151267 -1.194302
38  -0.000001 1.560847 -0.000005  -0.000000 -0.000000 -1.743825
39  -0.000010 1.052607 0.000005  -0.000000 0.000000 -1.417163
40  -0.259952 4.274161 -0.539755  0.254995 -0.273672 -1.274012
41  -0.000011 1.433731 -0.000000  -0.000000 0.000000 -1.413531
42  -0.000001 1.052591 -0.000005  -0.000000 -0.000000 -1.291004
43  0.141349 3.871772 -1.363266  0.407658 -0.585492 -1.527708
44  0.000015 1.065789 0.000003  0.000000 -0.000000 -1.008211
45  0.000005 0.779187 0.000003  -0.000000 -0.000000 -0.885683
46  -0.895860 3.917942 0.656978  -2.983198 -0.181416 -0.086570
47  -4.123597 0.117683 2.440020  0.611241 -0.223673 1.911006
48  4.898439 0.002380 0.107848  -0.022017 0.000000 1.571278
49  9.800050 0.003907 0.214851  -0.517284 0.701279 -0.351612
50  4.899959 -0.000003 -0.000006  -0.000002 -0.000000 1.570796
51  9.799913 -0.000003 0.000005  0.053146 0.030779 1.468954
52  0.187868 -1.241726 -1.202012  0.978037 0.953679 0.647145
53  0.000050 -1.590424 -0.000010  -0.020282 -0.028490 -0.475982
54  -0.000073 -1.179891 0.000029  0.014008 -0.004746 -0.194940
55  0.942213 -4.324327 -1.306542  0.181920 0.019544 -1.078930
56  -0.000019 -1.287266 -0.000010  0.000000 0.000000 -1.731640
57  0.000035 -1.044486 0.000025  -0.000000 -0.000000 -1.920862
58  0.662644 -4.455462 -0.385183  0.247237 -0.202282 -0.994247
59  -0.000044 -1.560863 0.000038  -0.000000 0.000000 -1.619976
60  0.000000 -1.052547 -0.000011  -0.000000 0.000000 -1.309733
61  0.259916 -4.274172 0.539778  0.262751 -0.284052 -1.205575
62  0.000075 -1.433770 -0.000021  0.000000 -0.000000 -1.288565
63  -0.000046 -1.052580 0.000014  -0.000000 0.000000 -1.166037
64  -0.141328 -3.871753 1.363267  0.378145 -0.674668 -1.325768
65  -0.000012 -1.065865 0.000004  0.000000 0.000000 -1.120085
66  0.000020 -0.779121 -0.000024  -0.000000 -0.000000 -0.997557
67  0.325555 0.019275 0.438609  -1.570796 -1.762783 0.000000
time 15
0  -1.027580 -97.707115 40.897060  1.912979 -0.001043 -0.112653
1  0.000000 -0.000001 -0.000009  0.186109 0.124724 0.061277
2  4.350456 -2.452280 -0.220434  2.597332 -0.012900 0.103757
3  -0.289071 7.227515 -4.136854  1.493884 0.519834 1.611150
4  8.333014 -0.000007 0.000000  1.576162 0.051768 1.674238
5  18.142754 -0.000001 0.000002  2.555037 -0.035404 1.496001
6  0.003753 6.164962 0.152072  -1.140015 0.024669 0.000000
7  4.617696 0.531995 -2.490237  3.027667 -0.041559 1.547244
8  0.000001 21.410915 0.000001  2.599801 0.043326 -0.014376
9  -0.129009 18.597672 4.167800  2.862133 -0.045183 0.003709
10  -4.350461 -2.452244 -0.220437  -0.915601 0.079774 0.061175
11  0.000003 -8.333089 -0.000010  -0.000000 0.000000 -1.570796
12  8.333006 0.000000 -0.000000  1.585174 0.796057 0.010256
13  18.142738 0.000005 -0.000001  -2.338164 1.391991 0.481019
14  -0.003752 -6.164950 -0.152079  -0.729862 0.024669 0.000000
15  4.617716 -2.490235 0.531992  -0.175374 1.485082 1.593853
16  -0.000005 -18.399067 -0.000000  2.934347 -0.057869 -0.156553
17  0.129005 -17.265572 -4.222491  2.586039 -0.079279 0.134365
18  0.000001 3.918039 0.107091  0.221871 -0.008604 -0.074269
19  0.000001 3.793287 0.000005  -0.030184 0.156015 -0.034228
20  -0.000000 4.392049 0.000003  -0.033074 0.023406 0.010690
21  -0.000000 7.387568 -0.000009  0.189852 -0.153371 0.086565
22  -0.000000 3.276218 -0.000008  -0.170611 0.086085 -0.066634
23  0.000000 2.500019 0.000006  -1.570796 -1.570796 0.000000
24  -0.000000 2.017666 -3.069148  -0.679232 0.000000 0.000000
25  0.895860 3.917908 0.656964  0.181352 0.106054 0.285880
26  4.123597 -0.117668 -2.440010  -2.076091 -0.783070 -1.214325
27  4.898439 -0.002378 0.107846  3.119428 0.000148 1.570309
28  9.799997 -0.003908 0.214849  -2.930962 0.440414 -1.254107
29  4.900006 0.000001 -0.000004  -1.570797 -1.570796 0.000000
30  9.800007 0.000000 -0.000004  0.215524 -1.515182 -1.619499
31  -0.187858 1.241699 1.202029  1.004331 0.880998 0.628243
32  -0.000006 1.590456 -0.000003  -0.064553 -0.083756 -0.392154
33  -0.000001 1.179847 -0.000005  0.013277 -0.004498 -0.116439
34  -0.942189 4.324294 1.306562  0.200718 0.008412 -0.931323
35  0.000005 1.287341 -0.000002  -0.000000 -0.000000 -1.693734
36  0.000002 1.044390 0.000002  -0.000000 -0.000000 -1.873110
37  -0.662604 4.455427 0.385192  0.283922 -0.151267 -1.194302
38  -0.000012 1.560846 0.000000  -0.000000 -0.000000 -1.743825
39  -0.000002 1.052589 0.000007  0.000000 0.000000 -1.417163
40  -0.259947 4.274158 -0.539753  0.254995 -0.273672 -1.274012
41  -0.000001 1.433725 0.000000  -0.000000 -0.000000 -1.413531
42  0.000001 1.052592 -0.000002  -0.000000 0.000000 -1.291004
43  0.141349 3.871776 -1.363270  0.407658 -0.585492 -1.527708
44  0.000005 1.065790 -0.000002  0.000000 0.000000 -1.008211
45  0.000007 0.779183 0.000001  0.000000 0.000000 -0.885683
46  -0.895860 3.917945 0.656967  -2.984543 -0.145972 -0.099960
47  -4.123599 0.117701 2.440027  0.277869 -0.087275 1.938869
48  4.898438 0.002382 0.107843  -0.022017 0.000000 1.571278
49  9.800049 0.003911 0.214853  -0.090647 0.876000 -0.062316
50  4.899961 -0.000001 -0.000004  -0.000002 -0.000000 1.570796
51  9.799913 -0.000001 0.000004  0.077889 0.030779 1.468954
52  0.187869 -1.241731 -1.202025  0.978037 0.953679 0.647145
53  0.000036 -1.590418 -0.000011  -0.020282 -0.028490 -0.475982
54  -0.000077 -1.179886 0.000028  0.014008 -0.004746 -0.194940
55  0.942212 -4.324330 -1.306549  0.181920 0.019544 -1.078930
56  -0.000017 -1.287270 -0.000011  0.000000 0.000000 -1.731640
57  0.000038 -1.044488 0.000037  0.000000 0.000000 -1.920918
58  0.662647 -4.455466 -0.385186  0.247237 -0.202282 -0.994247
59  -0.000045 -1.560863 0.000034  0.000000 0.000000 -1.619976
60  -0.000008 -1.052549 -0.000015  -0.000000 0.000000 -1.309733
61  0.259920 -4.274174 0.539753  0.262751 -0.284052 -1.205575
62  0.000077 -1.433770 -0.000023  -0.000000 -0.000000 -1.288565
63  -0.000037 -1.052590 0.000000  -0.000000 0.000000 -1.166037
64  -0.141326 -3.871760 1.363266  0.378145 -0.674668 -1.325768
65  -0.000010 -1.065871 0.000000  -0.000000 0.000000 -1.120085
66  0.000021 -0.779113 -0.000029  0.000000 0.000000 -0.997557
67  0.325557 0.019272 0.438602  -1.570796 -1.762783 0.000000
time 16
0  -1.070550 -104.020912 40.854092  1.920576 0.001151 -0.135948
1  -0.000000 -0.000009 0.000005  0.211804 0.128786 -0.004998
2  4.350457 -2.452286 -0.220432  2.448605 0.022378 0.080967
3  0.070315 7.079072 -4.398578  1.495442 0.556181 1.560387
4  8.333016 -0.000003 0.000000  1.571576 0.006255 1.698664
5  18.142759 -0.000001 -0.000001  2.520230 -0.025646 1.485088
6  0.003752 6.164961 0.152071  -1.111095 0.024669 -0.000000
7  4.617711 0.531994 -2.490244  3.017481 -0.018187 1.541399
8  -0.000000 21.496843 0.000001  2.609992 0.062271 -0.003403
9  -0.129009 18.597664 4.167803  2.864652 -0.045183 0.003709
10  -4.350461 -2.452245 -0.220435  -0.657026 0.101692 0.130864
11  0.000004 -8.333091 -0.000016  -0.000000 0.000000 -1.570796
12  8.332997 -0.000000 -0.000006  1.564950 0.613419 -0.003355
13  18.142736 0.000006 -0.000002  -2.379245 1.386849 0.558951
14  -0.003752 -6.164950 -0.152081  -0.743130 0.024669 -0.000000
15  4.617707 -2.490223 0.531992  -0.199718 1.488596 1.597202
16  -0.000004 -18.320942 -0.000002  2.851363 -0.071688 -0.149725
17  0.129005 -17.222601 -4.226399  2.577739 -0.079279 0.134365
18  0.000000 3.918033 0.107104  0.231323 -0.002600 -0.081100
19  -0.000001 3.793285 -0.000003  -0.021064 0.181399 -0.039285
20  -0.000000 4.392045 -0.000003  -0.022983 0.035247 0.008545
21  -0.000001 7.387574 0.000004  0.181255 -0.198036 0.109683
22  -0.000002 3.276217 -0.000019  -0.190487 0.112020 -0.094930
23  0.000000 2.500004 -0.000003  -1.570796 -1.570796 0.000000
24  0.000000 2.017657 -3.069158  -0.679232 -0.000000 -0.000000
25  0.895860 3.917916 0.656975  0.182131 0.108813 0.270876
26  4.123600 -0.117650 -2.440014  -2.164814 -0.618115 -1.216665
27  4.898436 -0.002376 0.107853  3.119428 0.000148 1.570309
28  9.799986 -0.003907 0.214852  -2.857924 0.475658 -1.127378
29  4.900009 0.000006 0.000002  -1.570797 -1.570796 0.000000
30  9.800012 0.000008 0.000007  -0.034003 -1.520825 -1.441855
31  -0.187864 1.241700 1.202019  1.004331 0.880998 0.628243
32  0.000000 1.590453 -0.000001  -0.064553 -0.083756 -0.392154
33  -0.000001 1.179842 -0.000001  0.013277 -0.004498 -0.116439
34  -0.942188 4.324304 1.306552  0.200718 0.008412 -0.931323
35  -0.000007 1.287341 -0.000004  0.000000 0.000000 -1.693734
36  0.000008 1.044405 -0.000000  -0.000000 -0.000000 -1.873110
37  -0.662605 4.455419 0.385186  0.283922 -0.151267 -1.194302
38  -0.000009 1.560838 -0.000004  -0.000000 -0.000000 -1.743825
39  -0.000006 1.052595 0.000003  0.000000 -0.000000 -1.417163
40  -0.259946 4.274170 -0.539764  0.254995 -0.273672 -1.274012
41  -0.000001 1.433729 -0.000001  -0.000000 0.000000 -1.413531
42  0.000004 1.052595 -0.000006  0.000000 0.000000 -1.291004
43  0.141351 3.871770 -1.363278  0.407658 -0.585492 -1.527708
44  0.000009 1.065791 -0.000003  0.000000 -0.000000 -1.008211
45  0.000001 0.779183 0.000005  -0.000000 -0.000000 -0.885683
46  -0.895860 3.917952 0.656983  -2.985828 -0.107346 -0.114695
47  -4.123599 0.117698 2.440024  -0.089106 0.059539 1.967754
48  4.898441 0.002385 0.107846  -0.022017 0.000000 1.571278
49  9.800053 0.003915 0.214851  0.526501 0.923324 0.450082
50  4.899963 0.000000 -0.000009  -0.000002 0.000000 1.570796
51  9.799910 0.000000 -0.000010  0.104927 0.030779 1.468954
52  0.187868 -1.241724 -1.202015  0.978037 0.953679 0.647145
53  0.000038 -1.590423 -0.000013  -0.020282 -0.028490 -0.475982
54  -0.000071 -1.179887 0.000025  0.014008 -0.004746 -0.194940
55  0.942214 -4.324327 -1.306550  0.181920 0.019544 -1.078930
56  -0.000020 -1.287276 -0.000021  0.000000 0.000000 -1.731640
57  0.000042 -1.044484 0.000031  0.000000 -0.000000 -1.920862
58  0.662644 -4.455460 -0.385182  0.247237 -0.202282 -0.994247
59  -0.000047 -1.560866 0.000018  0.000000 0.000000 -1.619976
60  0.000004 -1.052554 -0.000016  -0.000000 0.000000 -1.309733
61  0.259920 -4.274165 0.539763  0.262751 -0.284052 -1.205575
62  0.000076 -1.433767 -0.000014  -0.000000 0.000000 -1.288565
63  -0.000037 -1.052585 0.000012  -0.000000 0.000000 -1.166037
64  -0.141326 -3.871755 1.363270  0.378145 -0.674668 -1.325768
65  -0.000016 -1.065874 -0.000002  0.000000 0.000000 -1.120085
66  0.000022 -0.779120 -0.000025  0.000000 0.000000 -0.997557
67  0.325557 0.019278 0.438608  -1.570795 -1.762783 0.000000
time 17
0  -1.082269 -110.354248 41.268166  1.926996 0.004243 -0.153730
1  0.000000 0.000001 -0.000006  0.209874 0.127061 -0.004866
2  4.350457 -2.452264 -0.220434  2.379231 0.008812 0.079100
3  0.269540 7.063442 -4.414206  1.475932 0.558687 1.532613
4  8.333012 -0.000014 0.000000  1.572426 0.022080 1.644917
5  18.142775 -0.000001 0.000006  2.413144 -0.006567 1.484519
6  0.003752 6.164958 0.152074  -1.197696 0.024669 -0.000000
7  4.617716 0.531994 -2.490230  2.996113 0.001480 1.540444
8  -0.000000 21.367933 -0.000015  2.641781 0.067101 0.000811
9  -0.129009 18.597668 4.167799  2.860867 -0.045183 0.003709
10  -4.350460 -2.452229 -0.220436  -0.523854 0.085122 0.146109
11  0.000003 -8.333095 -0.000026  -0.000000 0.000000 -1.570796
12  8.332997 -0.000001 0.000013  1.535237 0.602364 -0.020128
13  18.142731 -0.000009 -0.000000  -1.994835 1.375452 0.621716
14  -0.003752 -6.164955 -0.152057  -1.193057 0.024669 -0.000000
15  4.617699 -2.490241 0.531992  -0.435399 1.490082 1.317776
16  -0.000006 -20.528048 -0.000004  2.686373 -0.089601 -0.114940
17  0.129004 -18.406231 -4.175612  2.805497 -0.079279 0.134365
18  -0.000000 3.918045 0.107096  0.239250 0.002204 -0.085989
19  0.000000 3.793295 -0.000005  -0.013418 0.200454 -0.041694
20  0.000000 4.392052 -0.000001  -0.014474 0.046644 0.006819
21  -0.000001 7.387560 -0.000005  0.173233 -0.236392 0.130968
22  -0.000002 3.276229 -0.000004  -0.207777 0.130428 -0.120709
23  -0.000000 2.500000 0.000000  -1.570796 -1.570796 0.000000
24  -0.000000 2.017655 -3.069160  -0.679232 -0.000000 -0.000000
25  0.895858 3.917900 0.656972  0.182922 0.111708 0.255020
26  4.123597 -0.117671 -2.440014  -2.310392 -0.444541 -1.220422
27  4.898440 -0.002386 0.107838  3.119428 0.000148 1.570309
28  9.800003 -0.003898 0.214848  -2.733220 0.545482 -0.970326
29  4.900012 0.000007 -0.000001  -1.570797 -1.570796 0.000000
30  9.800008 0.000004 0.000002  -0.324815 -1.522977 -1.229890
31  -0.187863 1.241700 1.202038  1.004331 0.880998 0.628243
32  -0.000002 1.590440 -0.000005  -0.064553 -0.083756 -0.392154
33  -0.000015 1.179845 -0.000005  0.013277 -0.004498 -0.116439
34  -0.942189 4.324297 1.306568  0.200718 0.008412 -0.931323
35  -0.000004 1.287339 0.000006  -0.000000 -0.000000 -1.693734
36  0.000000 1.044394 -0.000013  -0.000000 0.000000 -1.873110
37  -0.662604 4.455419 0.385201  0.283922 -0.151267 -1.194302
38  -0.000006 1.560848 -0.000014  -0.000000 0.000000 -1.743825
39  -0.000002 1.052591 -0.000008  0.000000 -0.000000 -1.417163
40  -0.259953 4.274165 -0.539745  0.254995 -0.273672 -1.274012
41  -0.000005 1.433731 -0.000003  -0.000000 -0.000000 -1.413531
42  0.000004 1.052598 -0.000011  -0.000000 -0.000000 -1.291004
43  0.141349 3.871777 -1.363261  0.407658 -0.585492 -1.527708
44  0.000001 1.065791 -0.000005  0.000000 -0.000000 -1.008211
45  0.000006 0.779181 0.000011  0.000000 0.000000 -0.885683
46  -0.895861 3.917941 0.656979  -2.986945 -0.066608 -0.130345
47  -4.123597 0.117707 2.440023  -0.388487 0.212590 2.000859
48  4.898444 0.002379 0.107844  -0.022017 0.000000 1.571278
49  9.800048 0.003906 0.214849  1.003353 0.823897 0.881344
50  4.899958 -0.000002 0.000012  -0.000002 -0.000000 1.570796
51  9.799918 -0.000003 0.000013  0.133493 0.030779 1.468954
52  0.187872 -1.241723 -1.202034  0.978037 0.953679 0.647145
53  0.000031 -1.590426 -0.000014  -0.020282 -0.028490 -0.475982
54  -0.000068 -1.179881 0.000026  0.014008 -0.004746 -0.194940
55  0.942213 -4.324320 -1.306557  0.181920 0.019544 -1.078930
56  -0.000027 -1.287265 0.000005  0.000000 0.000000 -1.731640
57  0.000035 -1.044471 0.000029  0.000000 0.000000 -1.920862
58  0.662649 -4.455461 -0.385190  0.247237 -0.202282 -0.994247
59  -0.000058 -1.560858 0.000036  -0.000000 0.000000 -1.619976
60  -0.000003 -1.052549 -0.000008  0.000000 0.000000 -1.309733
61  0.259920 -4.274166 0.539746  0.262751 -0.284064 -1.205575
62  0.000071 -1.433770 -0.000030  -0.000000 -0.000000 -1.288565
63  -0.000042 -1.052592 0.000016  -0.000000 0.000000 -1.166037
64  -0.141325 -3.871751 1.363267  0.378145 -0.674668 -1.325768
65  -0.000007 -1.065866 -0.000004  -0.000000 0.000000 -1.120085
66  0.000020 -0.779117 -0.000025  0.000000 0.000000 -0.997557
67  0.325558 0.019278 0.438592  -1.570796 -1.762783 0.000000
time 18
0  -1.086175 -116.707115 42.186165  1.929705 0.008126 -0.164992
1  0.000002 0.000007 0.000004  0.204517 0.122183 -0.004566
2  4.350457 -2.452278 -0.220437  2.317197 -0.000223 0.075574
3  0.433609 7.071261 -4.386857  1.463921 0.554528 1.509223
4  8.333009 -0.000018 -0.000000  1.570253 0.040204 1.556793
5  18.142765 -0.000001 -0.000000  2.336615 0.012974 1.494915
6  0.003753 6.164960 0.152073  -1.240160 0.024669 -0.000000
7  4.617704 0.531995 -2.490237  2.992469 0.014652 1.544667
8  0.000001 21.117922 -0.000007  2.699162 0.066308 -0.000085
9  -0.129009 18.597664 4.167792  2.853464 -0.045183 0.003709
10  -4.350461 -2.452242 -0.220442  -0.116724 0.016194 0.137487
11  0.000003 -8.333093 -0.000011  0.000000 0.000000 -1.570796
12  8.332998 -0.000001 0.000004  1.485300 0.000167 -0.000000
13  18.142735 0.000009 0.000000  -1.710888 1.378232 0.323248
14  -0.003752 -6.164957 -0.152072  -1.541452 0.024669 -0.000000
15  4.617711 -2.490243 0.531993  -0.665906 1.506072 0.928627
16  -0.000004 -21.836679 -0.000005  2.726963 -0.080914 -0.111893
17  0.109473 -19.507826 -3.663882  2.877742 -0.079279 0.134365
18  0.000003 3.918050 0.107096  0.242575 0.006552 -0.088638
19  -0.000001 3.793296 -0.000012  -0.010254 0.211852 -0.041778
20  0.000001 4.392066 -0.000000  -0.010878 0.057322 0.005597
21  -0.000000 7.387572 -0.000018  0.167230 -0.268836 0.147806
22  -0.000001 3.276232 0.000006  -0.215450 0.137799 -0.136960
23  0.000000 2.500005 -0.000014  -1.570796 -1.570796 0.000000
24  -0.000000 2.017659 -3.069155  -0.679232 -0.000000 0.000000
25  0.895860 3.917915 0.656957  0.183677 0.114685 0.238889
26  4.123602 -0.117661 -2.440009  -2.555805 -0.268852 -1.223542
27  4.898440 -0.002374 0.107839  3.119428 0.000148 1.570309
28  9.800000 -0.003903 0.214839  -2.491617 0.659436 -0.744122
29  4.900001 0.000002 -0.000004  -1.570797 -1.570796 0.000000
30  9.800001 -0.000002 0.000000  -0.625683 -1.521581 -1.009393
31  -0.187862 1.241701 1.202039  1.004331 0.880998 0.628243
32  -0.000005 1.590451 -0.000005  -0.064553 -0.083756 -0.392154
33  -0.000012 1.179850 -0.000004  0.013277 -0.004498 -0.116439
34  -0.942186 4.324296 1.306566  0.200718 0.008412 -0.931323
35  0.000002 1.287350 0.000019  0.000000 0.000000 -1.693734
36  0.000000 1.044401 -0.000008  -0.000000 -0.000000 -1.873110
37  -0.662602 4.455421 0.385202  0.283922 -0.151267 -1.194302
38  -0.000004 1.560849 -0.000017  -0.000000 -0.000000 -1.743825
39  -0.000004 1.052597 -0.000009  -0.000000 0.000000 -1.417163
40  -0.259946 4.274164 -0.539751  0.254995 -0.273672 -1.274012
41  -0.000002 1.433728 -0.000002  -0.000000 0.000000 -1.413531
42  -0.000002 1.052592 -0.000005  -0.000000 -0.000000 -1.291004
43  0.141354 3.871774 -1.363260  0.407658 -0.585492 -1.527708
44  0.000003 1.065796 -0.000005  0.000000 -0.000000 -1.008211
45  -0.000001 0.779181 0.000004  0.000000 0.000000 -0.885683
46  -0.895860 3.917953 0.656966  -2.987870 -0.025170 -0.146360
47  -4.123594 0.117701 2.440024  -0.584609 0.367923 2.039427
48  4.898438 0.002383 0.107842  -0.022017 0.000000 1.571278
49  9.800045 0.003901 0.214851  1.262862 0.702322 1.148990
50  4.899951 -0.000006 -0.000002  -0.000002 -0.000000 1.570796
51  9.799906 -0.000006 -0.000001  0.162592 0.030779 1.468954
52  0.187867 -1.241724 -1.202020  0.978037 0.953679 0.647145
53  0.000036 -1.590425 -0.000024  -0.020282 -0.028490 -0.475982
54  -0.000074 -1.179880 0.000029  0.014008 -0.004746 -0.194940
55  0.942211 -4.324332 -1.306550  0.181920 0.019544 -1.078930
56  -0.000034 -1.287260 -0.000011  0.000000 0.000000 -1.731640
57  0.000036 -1.044485 0.000032  -0.000000 0.000000 -1.920862
58  0.662642 -4.455470 -0.385185  0.247237 -0.202282 -0.994247
59  -0.000056 -1.560865 0.000025  0.000000 0.000000 -1.619976
60  0.000003 -1.052537 -0.000011  -0.000000 0.000000 -1.309733
61  0.259913 -4.274166 0.539761  0.262751 -0.284052 -1.205575
62  0.000070 -1.433764 -0.000031  -0.000000 -0.000000 -1.288565
63  -0.000028 -1.052583 -0.000002  -0.000000 -0.000000 -1.166037
64  -0.141333 -3.871752 1.363271  0.378145 -0.674668 -1.325768
65  0.000002 -1.065874 0.000003  -0.000000 0.000000 -1.120085
66  0.000023 -0.779106 -0.000003  0.000000 0.000000 -0.997557
67  0.325554 0.019280 0.438601  -1.570796 -1.762783 0.000000
time 19
0  -1.078362 -123.020912 43.272133  1.928939 0.012656 -0.169141
1  -0.000001 -0.000001 -0.000004  0.196487 0.114669 -0.004255
2  4.350458 -2.452277 -0.220431  2.180608 0.002799 0.067640
3  0.582050 7.102517 -4.320462  1.460749 0.545099 1.488994
4  8.333013 -0.000002 0.000000  1.566620 0.051193 1.489317
5  18.142752 -0.000001 -0.000005  2.417157 0.032130 1.517000
6  0.003752 6.164957 0.152071  -1.072633 0.024669 0.000000
7  4.617704 0.531995 -2.490249  3.036336 0.022174 1.552541
8  0.000001 21.004639 0.000001  2.784774 0.063803 -0.005704
9  -0.129009 18.597664 4.167803  2.850173 -0.045183 0.003709
10  -4.350460 -2.452238 -0.220441  0.002308 -0.000323 0.129180
11  0.000003 -8.333083 -0.000014  0.000000 -0.000000 -1.570796
12  8.332993 -0.000000 0.000001  1.474086 0.000167 0.000000
13  18.142748 -0.000002 -0.000001  -1.729665 1.382179 0.351674
14  -0.003752 -6.164957 -0.152077  -1.381648 0.024669 -0.000000
15  4.617716 -2.490235 0.531992  -0.785518 1.521477 0.787144
16  -0.000005 -23.453918 0.000004  2.877122 -0.108791 -0.122613
17  0.078222 -21.050848 -2.808383  2.937379 -0.079279 0.134365
18  0.000001 3.918039 0.107098  0.241683 0.010277 -0.088195
19  0.000002 3.793294 -0.000004  -0.011189 0.214632 -0.039765
20  0.000000 4.392040 -0.000006  -0.011753 0.066922 0.004962
21  -0.000002 7.387581 0.000002  0.164451 -0.294089 0.157777
22  -0.000003 3.276202 -0.000002  -0.214066 0.137763 -0.143228
23  0.000000 2.500015 0.000013  -1.570796 -1.570796 0.000000
24  -0.000000 2.017672 -3.069142  -0.679232 -0.000000 0.000000
25  0.895860 3.917912 0.656973  0.184360 0.117580 0.223165
26  4.123598 -0.117651 -2.440015  -2.936530 -0.097698 -1.224074
27  4.898448 -0.002371 0.107856  3.119428 0.000148 1.570309
28  9.799998 -0.003903 0.214856  -2.025138 0.768598 -0.369473
29  4.899998 -0.000015 -0.000007  -1.570797 -1.570796 0.000000
30  9.799997 -0.000000 -0.000005  -0.882587 -1.516927 -0.828679
31  -0.187864 1.241699 1.202019  1.004331 0.880998 0.628243
32  0.000010 1.590445 -0.000012  -0.064553 -0.083756 -0.392154
33  -0.000010 1.179852 0.000000  0.013277 -0.004498 -0.116439
34  -0.942189 4.324300 1.306549  0.200718 0.008412 -0.931323
35  0.000002 1.287343 0.000005  0.000000 -0.000000 -1.693734
36  -0.000001 1.044395 -0.000003  -0.000000 -0.000000 -1.873110
37  -0.662603 4.455423 0.385180  0.283922 -0.151267 -1.194302
38  -0.000003 1.560843 -0.000006  -0.000000 -0.000000 -1.743825
39  -0.000007 1.052591 0.000021  0.000000 0.000000 -1.417163
40  -0.259953 4.274163 -0.539760  0.254995 -0.273672 -1.274012
41  0.000000 1.433727 0.000005  -0.000000 0.000000 -1.413531
42  -0.000009 1.052588 -0.000009  -0.000000 0.000000 -1.291004
43  0.141348 3.871770 -1.363278  0.407658 -0.585492 -1.527708
44  -0.000011 1.065792 -0.000005  0.000000 -0.000000 -1.008211
45  0.000002 0.779172 -0.000008  -0.000000 0.000000 -0.885683
46  -0.895860 3.917956 0.656980  -2.988554 0.015171 -0.162023
47  -4.123596 0.117697 2.440012  -0.697563 0.519366 2.083153
48  4.898439 0.002395 0.107848  -0.022017 0.000000 1.571278
49  9.800053 0.003917 0.214849  1.407278 0.608517 1.334446
50  4.899966 -0.000004 0.000002  -0.000002 -0.000000 1.570796
51  9.799913 -0.000004 0.000001  0.190927 0.030779 1.468954
52  0.187869 -1.241732 -1.202019  0.978037 0.953679 0.647145
53  0.000053 -1.590417 -0.000013  -0.020282 -0.028490 -0.475982
54  -0.000063 -1.179906 0.000038  0.014008 -0.004746 -0.194940
55  0.942213 -4.324327 -1.306553  0.181920 0.019544 -1.078930
56  -0.000022 -1.287269 -0.000009  0.000000 0.000000 -1.731640
57  0.000035 -1.044485 0.000033  -0.000000 0.000000 -1.920862
58  0.662639 -4.455451 -0.385185  0.247237 -0.202282 -0.994247
59  -0.000036 -1.560866 0.000026  0.000000 0.000000 -1.619976
60  0.000001 -1.052540 -0.000011  0.000000 0.000000 -1.309733
61  0.259915 -4.274156 0.539760  0.262751 -0.284052 -1.205575
62  0.000069 -1.433768 -0.000026  -0.000000 -0.000000 -1.288565
63  -0.000036 -1.052571 0.000010  -0.000000 -0.000000 -1.166037
64  -0.141331 -3.871748 1.363269  0.378145 -0.674668 -1.325768
65  -0.000006 -1.065869 0.000012  -0.000000 0.000000 -1.120085
66  0.000026 -0.779112 -0.000020  0.000000 0.000000 -0.997557
67  0.325558 0.019267 0.438603  -1.570796 -1.762783 0.000000
time 20
0  -1.058831 -129.354248 44.201851  1.926996 0.017749 -0.166474
1  -0.000000 -0.000001 -0.000008  0.186384 0.104937 -0.004063
2  4.350458 -2.452263 -0.220428  2.052415 0.009878 0.055169
3  0.660177 7.145480 -4.238391  1.467714 0.534017 1.478183
4  8.333017 -0.000002 0.000000  1.559218 0.061033 1.383154
5  18.142754 -0.000001 -0.000006  2.560299 0.043787 1.550179
6  0.003752 6.164957 0.152070  -0.838516 0.024669 -0.000000
7  4.617702 0.531994 -2.490244  3.098447 0.024669 1.563516
8  0.000001 20.668695 0.000001  2.908212 0.062379 -0.015684
9  -0.129008 18.597670 4.167811  2.824843 -0.045183 0.003709
10  -4.350460 -2.452230 -0.220435  0.108545 -0.014822 0.135061
11  0.000004 -8.333098 -0.000019  -0.000000 -0.000000 -1.570796
12  8.332999 -0.000002 -0.000004  1.448015 0.000167 0.000000
13  18.142727 0.000005 -0.000000  -1.650171 1.366141 0.435043
14  -0.003752 -6.164958 -0.152066  -1.100216 0.024669 0.000000
15  4.617705 -2.490236 0.531993  -0.845133 1.528593 0.650445
16  -0.000005 -23.199999 -0.000009  -3.029897 -0.152704 -0.160667
17  0.082128 -20.808643 -2.941207  2.928027 -0.079279 0.134365
18  -0.000000 3.918037 0.107080  0.239235 0.012724 -0.084276
19  -0.000003 3.793293 0.000001  -0.013538 0.209323 -0.035942
20  0.000000 4.392049 0.000001  -0.014270 0.075287 0.004998
21  0.000001 7.387578 -0.000003  0.165137 -0.310960 0.160869
22  0.000003 3.276212 0.000003  -0.209464 0.136025 -0.144342
23  -0.000000 2.500008 -0.000009  -1.570796 -1.570796 0.000000
24  0.000000 2.017653 -3.069155  -0.679232 -0.000000 0.000000
25  0.895860 3.917919 0.656970  0.184972 0.120366 0.208268
26  4.123602 -0.117656 -2.440006  2.899036 0.067333 -1.222230
27  4.898468 -0.002372 0.107855  3.119428 0.000148 1.570309
28  9.799999 -0.003902 0.214842  -1.423299 0.727363 0.071558
29  4.900002 0.000004 -0.000004  -1.570797 -1.570796 0.000000
30  9.800002 -0.000004 0.000000  -1.065731 -1.509888 -0.714406
31  -0.187858 1.241703 1.202028  1.004331 0.881010 0.628243
32  0.000005 1.590447 -0.000004  -0.064553 -0.083756 -0.392154
33  -0.000001 1.179845 -0.000003  0.013277 -0.004498 -0.116439
34  -0.942187 4.324296 1.306567  0.200718 0.008412 -0.931323
35  0.000002 1.287338 0.000007  0.000000 -0.000000 -1.693734
36  -0.000002 1.044395 -0.000010  -0.000000 -0.000000 -1.873110
37  -0.662600 4.455425 0.385193  0.283922 -0.151267 -1.194302
38  -0.000008 1.560845 0.000000  -0.000000 0.000000 -1.743825
39  0.000000 1.052597 -0.000002  0.000000 0.000000 -1.417163
40  -0.259950 4.274163 -0.539749  0.254995 -0.273672 -1.274012
41  0.000004 1.433726 0.000002  -0.000000 -0.000000 -1.413531
42  0.000007 1.052588 -0.000010  0.000000 -0.000000 -1.291004
43  0.141353 3.871773 -1.363264  0.407658 -0.585492 -1.527708
44  0.000002 1.065787 -0.000001  0.000000 -0.000000 -1.008211
45  0.000009 0.779175 0.000001  0.000000 0.000000 -0.885683
46  -0.895858 3.917948 0.656977  -2.989010 0.053371 -0.176902
47  -4.123593 0.117706 2.440016  -0.753981 0.662547 2.132783
48  4.898438 0.002379 0.107848  -0.022017 -0.000000 1.571278
49  9.800044 0.003898 0.214852  1.497359 0.541806 1.481393
50  4.899961 0.000005 -0.000004  -0.000002 -0.000000 1.570796
51  9.799906 0.000005 -0.000006  0.217756 0.030779 1.468954
52  0.187883 -1.241727 -1.202011  0.978037 0.953679 0.647145
53  0.000049 -1.590428 -0.000019  -0.020282 -0.028490 -0.475982
54  -0.000071 -1.179887 0.000032  0.014008 -0.004746 -0.194940
55  0.942224 -4.324321 -1.306547  0.181920 0.019544 -1.078930
56  0.000003 -1.287264 -0.000004  0.000000 0.000000 -1.731640
57  0.000034 -1.044479 0.000030  0.000000 -0.000000 -1.920918
58  0.662651 -4.455441 -0.385182  0.247237 -0.202282 -0.994247
59  -0.000063 -1.560866 0.000028  -0.000000 0.000000 -1.619976
60  -0.000001 -1.052527 -0.000006  0.000000 0.000000 -1.309733
61  0.259924 -4.274164 0.539766  0.262751 -0.284052 -1.205575
62  0.000062 -1.433771 -0.000022  -0.000000 -0.000000 -1.288565
63  -0.000033 -1.052570 0.000009  -0.000000 0.000000 -1.166037
64  -0.141316 -3.871749 1.363273  0.378145 -0.674668 -1.325768
65  -0.000006 -1.065866 0.000009  -0.000000 0.000000 -1.120085
66  0.000019 -0.779110 -0.000027  0.000000 -0.000000 -0.997557
67  0.325563 0.019290 0.438606  -1.570796 -1.762783 0.000000
time 21
0  -1.035392 -135.707108 44.654987  1.924110 0.023310 -0.157405
1  -0.000002 -0.000002 0.000002  0.174891 0.093408 -0.004147
2  4.350456 -2.452282 -0.220444  2.002808 0.013136 0.042750
3  0.667987 7.192344 -4.152483  1.480345 0.521927 1.477762
4  8.333007 -0.000006 -0.000000  1.544583 0.074524 1.232238
5  18.142754 -0.000001 0.000012  2.654332 0.041091 1.586564
6  0.003752 6.164957 0.152070  -0.691791 0.024669 0.000000
7  4.617703 0.531994 -2.490232  -0.002516 3.121107 -1.566172
8  -0.000001 20.020243 0.000012  3.049828 0.063785 -0.028425
9  -0.129011 18.597672 4.167808  2.759148 -0.045183 0.003709
10  -4.350461 -2.452248 -0.220446  0.184377 -0.027957 0.148650
11  0.000001 -8.333088 -0.000018  -0.000000 0.000000 -1.570796
12  8.332999 0.000001 -0.000008  1.418303 0.001023 -0.000096
13  18.142740 0.000002 -0.000001  -1.526642 1.342375 0.513833
14  -0.003752 -6.164955 -0.152079  -0.947434 0.024669 0.000000
15  4.617708 -2.490236 0.531992  -0.874749 1.533908 0.561290
16  -0.000005 -22.684364 -0.000001  -2.797995 -0.189069 -0.187178
17  0.093847 -20.316444 -3.214648  2.908991 -0.079279 0.134365
18  -0.000003 3.918037 0.107097  0.235602 0.013788 -0.077289
19  -0.000002 3.793291 0.000002  -0.016965 0.196715 -0.030585
20  -0.000000 4.392052 -0.000003  -0.018033 0.083305 0.006663
21  0.000002 7.387573 -0.000006  0.169065 -0.320315 0.156435
22  -0.000000 3.276232 0.000006  -0.202616 0.132382 -0.140867
23  0.000000 2.500017 -0.000011  -1.570796 -1.570796 0.000000
24  -0.000000 2.017672 -3.069175  -0.679232 0.000000 -0.000000
25  0.895864 3.917910 0.656960  0.185487 0.122851 0.194798
26  4.123595 -0.117663 -2.440012  2.551589 0.219436 -1.221911
27  4.898436 -0.002375 0.107842  3.119428 0.000148 1.570309
28  9.799994 -0.003902 0.214849  -1.032584 0.573305 0.295338
29  4.900002 0.000007 0.000001  -1.570797 -1.570796 0.000000
30  9.800002 0.000010 0.000003  -1.185275 -1.501395 -0.651804
31  -0.187855 1.241683 1.202021  1.004331 0.880998 0.628243
32  0.000010 1.590452 -0.000003  -0.064553 -0.083756 -0.392154
33  0.000005 1.179854 -0.000001  0.013277 -0.004498 -0.116439
34  -0.942180 4.324279 1.306559  0.200718 0.008412 -0.931323
35  0.000002 1.287337 -0.000006  -0.000000 -0.000000 -1.693734
36  -0.000000 1.044395 -0.000002  -0.000000 0.000000 -1.873110
37  -0.662595 4.455403 0.385194  0.283922 -0.151267 -1.194302
38  -0.000006 1.560848 0.000008  0.000000 -0.000000 -1.743825
39  -0.000010 1.052591 0.000000  0.000000 -0.000000 -1.417163
40  -0.259940 4.274141 -0.539755  0.254995 -0.273672 -1.274012
41  -0.000005 1.433727 -0.000001  -0.000000 -0.000000 -1.413531
42  -0.000000 1.052590 -0.000011  -0.000000 -0.000000 -1.291004
43  0.141358 3.871753 -1.363264  0.407658 -0.585492 -1.527708
44  0.000000 1.065796 0.000003  0.000000 -0.000000 -1.008211
45  -0.000003 0.779171 0.000003  0.000000 -0.000000 -0.885683
46  -0.895856 3.917947 0.656973  -2.989262 0.087965 -0.190370
47  -4.123594 0.117706 2.440030  -0.770685 0.791488 2.188510
48  4.898439 0.002366 0.107851  -0.022017 0.000000 1.571278
49  9.800052 0.003907 0.214848  1.558211 0.495155 1.602667
50  4.899950 0.000001 -0.000002  -0.000002 0.000000 1.570796
51  9.799931 0.000005 0.000007  0.242059 0.030779 1.468954
52  0.187879 -1.241741 -1.202023  0.978037 0.953679 0.647145
53  0.000041 -1.590426 -0.000003  -0.020282 -0.028490 -0.475982
54  -0.000074 -1.179878 0.000039  0.014008 -0.004746 -0.194940
55  0.942222 -4.324339 -1.306567  0.181920 0.019544 -1.078930
56  -0.000019 -1.287269 -0.000010  0.000000 0.000000 -1.731640
57  0.000039 -1.044509 0.000029  -0.000000 -0.000000 -1.920862
58  0.662651 -4.455469 -0.385192  0.247237 -0.202282 -0.994247
59  -0.000026 -1.560866 0.000037  0.000000 0.000000 -1.619976
60  -0.000004 -1.052536 -0.000006  0.000000 0.000000 -1.309733
61  0.259930 -4.274193 0.539760  0.262751 -0.284052 -1.205575
62  0.000053 -1.433766 -0.000022  -0.000000 -0.000000 -1.288565
63  -0.000040 -1.052597 0.000011  -0.000000 0.000000 -1.166037
64  -0.141328 -3.871754 1.363251  0.378145 -0.674668 -1.325768
65  -0.000005 -1.065869 0.000002  -0.000000 0.000000 -1.120085
66  0.000023 -0.779124 -0.000015  0.000000 0.000000 -0.997557
67  0.325559 0.019275 0.438591  -1.570796 -1.762783 0.000001
time 22
0  -1.004141 -142.020920 44.635456  1.920576 0.029170 -0.142290
1  -0.000001 0.000010 -0.000002  0.162799 0.080668 -0.004662
2  4.350457 -2.452275 -0.220444  2.020847 0.011181 0.030953
3  0.625020 7.250943 -4.062620  1.496999 0.509269 1.484568
4  8.333021 -0.000004 0.000000  1.522274 0.087170 1.061951
5  18.142757 -0.000001 0.000012  2.646743 0.026635 1.618347
6  0.003753 6.164938 0.152094  -0.682814 0.024669 0.000000
7  4.617705 0.531994 -2.490227  -0.000547 3.130684 -1.555793
8  -0.000000 19.192085 0.000001  -3.085108 0.068724 -0.040730
9  -0.129010 18.597668 4.167792  2.675538 -0.045183 0.003709
10  -4.350461 -2.452237 -0.220449  0.068920 -0.013694 0.195814
11  0.000005 -8.333090 -0.000022  -0.000000 0.000000 -1.570796
12  8.333000 -0.000002 0.000002  1.422137 0.291922 -0.043037
13  18.142740 0.000010 -0.000002  -1.410642 1.322668 0.679140
14  -0.003752 -6.164958 -0.152065  -0.963186 0.024669 0.000000
15  4.617708 -2.490224 0.531990  -1.071231 1.541655 0.399718
16  -0.000005 -22.844507 -0.000001  -2.860739 -0.235239 -0.178949
17  0.089941 -20.468779 -3.128701  2.914892 -0.079279 0.134365
18  -0.000002 3.918051 0.107089  0.231230 0.013347 -0.067761
19  -0.000001 3.793284 -0.000010  -0.021064 0.177851 -0.024113
20  0.000000 4.392042 0.000003  -0.022563 0.091047 0.010355
21  0.000000 7.387563 -0.000011  0.175790 -0.322171 0.144750
22  0.000001 3.276227 0.000017  -0.194676 0.126701 -0.133508
23  -0.000001 2.500001 -0.000026  -1.570796 -1.570796 0.000000
24  0.000000 2.017668 -3.069177  -0.679232 -0.000000 -0.000000
25  0.895861 3.917906 0.656958  0.185894 0.124982 0.183400
26  4.123601 -0.117663 -2.440022  2.344079 0.348142 -1.223542
27  4.898444 -0.002376 0.107854  3.119428 0.000148 1.570309
28  9.799990 -0.003903 0.214848  -0.844134 0.443342 0.352718
29  4.900011 -0.000001 0.000003  -1.570797 -1.570796 0.000000
30  9.800009 -0.000003 0.000007  -1.255966 -1.492262 -0.622371
31  -0.187860 1.241704 1.202028  1.004331 0.880998 0.628243
32  0.000005 1.590450 -0.000015  -0.064553 -0.083756 -0.392154
33  0.000003 1.179861 -0.000013  0.013277 -0.004498 -0.116439
34  -0.942186 4.324300 1.306557  0.200718 0.008412 -0.931323
35  0.000012 1.287337 0.000001  -0.000000 -0.000000 -1.693734
36  0.000003 1.044398 0.000001  0.000000 -0.000000 -1.873110
37  -0.662601 4.455422 0.385198  0.283922 -0.151267 -1.194302
38  0.000003 1.560851 -0.000010  -0.000000 -0.000000 -1.743825
39  0.000003 1.052595 -0.000014  0.000000 -0.000000 -1.417163
40  -0.259949 4.274164 -0.539752  0.254995 -0.273672 -1.274012
41  0.000003 1.433725 0.000007  -0.000000 0.000000 -1.413531
42  0.000018 1.052590 0.000001  -0.000000 0.000000 -1.291004
43  0.141350 3.871769 -1.363262  0.407658 -0.585492 -1.527708
44  0.000005 1.065792 0.000002  0.000000 -0.000000 -1.008211
45  0.000011 0.779163 -0.000001  0.000000 0.000000 -0.885683
46  -0.895859 3.917935 0.656963  -2.989371 0.117277 -0.201774
47  -4.123603 0.117695 2.440012  -0.759666 0.899501 2.248293
48  4.898433 0.002379 0.107847  -0.022017 -0.000000 1.571278
49  9.800050 0.003911 0.214848  1.600568 0.463045 1.699897
50  4.899964 -0.000002 0.000011  -0.000002 -0.000000 1.570796
51  9.799905 -0.000009 0.000003  0.262610 0.030779 1.468954
52  0.187870 -1.241720 -1.202009  0.978037 0.953679 0.647145
53  0.000044 -1.590429 -0.000009  -0.020282 -0.028490 -0.475982
54  -0.000072 -1.179894 0.000033  0.014008 -0.004746 -0.194940
55  0.942222 -4.324328 -1.306531  0.181920 0.019544 -1.078930
56  -0.000019 -1.287266 -0.000005  0.000000 0.000000 -1.731640
57  0.000051 -1.044472 0.000032  -0.000000 0.000000 -1.920862
58  0.662649 -4.455452 -0.385177  0.247237 -0.202282 -0.994247
59  -0.000030 -1.560864 0.000035  -0.000000 0.000000 -1.619976
60  -0.000008 -1.052548 0.000002  0.000000 0.000000 -1.309733
61  0.259920 -4.274161 0.539759  0.262751 -0.284064 -1.205575
62  0.000079 -1.433770 -0.000034  -0.000000 -0.000000 -1.288565
63  -0.000040 -1.052607 0.000000  -0.000000 0.000000 -1.166037
64  -0.141326 -3.871735 1.363266  0.378145 -0.674668 -1.325768
65  -0.000018 -1.065861 0.000002  -0.000000 0.000000 -1.120085
66  0.000023 -0.779146 -0.000015  0.000000 0.000000 -0.997557
67  0.325562 0.019284 0.438607  -1.570795 -1.762783 0.000000
time 23
0  -0.972890 -148.354248 44.404980  1.916807 0.035283 -0.121425
1  0.000000 -0.000001 -0.000005  0.150658 0.067054 -0.005729
2  4.350456 -2.452282 -0.220447  2.083888 0.004369 0.016330
3  0.539080 7.309546 -3.968871  1.519205 0.496430 1.496790
4  8.333007 0.000003 -0.000000  1.491917 0.090078 0.849891
5  18.142763 -0.000000 0.000002  2.608395 0.003216 1.644311
6  0.003752 6.164948 0.152086  -0.735159 0.024669 0.000000
7  4.617707 0.531996 -2.490259  -0.014128 -3.138633 -1.548015
8  0.000001 18.293629 -0.000013  -2.925222 0.077340 -0.049571
9  -0.129009 18.597675 4.167790  2.584996 -0.045183 0.003709
10  -4.350461 -2.452245 -0.220443  -0.053427 0.013284 0.244034
11  0.000004 -8.333078 -0.000004  0.000000 -0.000000 -1.570796
12  8.333008 0.000003 0.000001  1.432201 0.554788 -0.073325
13  18.142746 0.000001 -0.000003  -1.294451 1.303183 0.810012
14  -0.003752 -6.164954 -0.152054  -1.009044 0.024669 -0.000000
15  4.617701 -2.490220 0.531988  -1.581599 1.549853 -0.080021
16  -0.000006 -22.895294 -0.000003  -2.953223 -0.281388 -0.169475
17  0.089940 -20.515661 -3.105274  2.916687 -0.079279 0.134365
18  0.000001 3.918040 0.107092  0.226474 0.011295 -0.056064
19  0.000000 3.793287 0.000012  -0.025534 0.153415 -0.016766
20  0.000001 4.392063 -0.000001  -0.027537 0.097135 0.015448
21  0.000000 7.387575 -0.000009  0.184924 -0.314979 0.127192
22  -0.000003 3.276243 0.000008  -0.186662 0.118743 -0.122830
23  -0.000001 2.499983 -0.000012  -1.570796 -1.570796 0.000000
24  -0.000000 2.017639 -3.069158  -0.679232 0.000000 0.000000
25  0.895859 3.917919 0.656963  0.186206 0.126648 0.174532
26  4.123605 -0.117675 -2.440013  2.229467 0.447327 -1.225350
27  4.898427 -0.002370 0.107846  3.119428 0.000148 1.570309
28  9.799993 -0.003905 0.214858  -0.752944 0.359607 0.352322
29  4.899997 0.000009 0.000004  -1.570797 -1.570796 0.000000
30  9.799998 0.000000 0.000002  -1.288246 -1.483129 -0.613168
31  -0.187862 1.241698 1.202039  1.004331 0.880998 0.628243
32  0.000007 1.590450 -0.000002  -0.064553 -0.083756 -0.392154
33  -0.000002 1.179862 -0.000007  0.013277 -0.004498 -0.116439
34  -0.942182 4.324308 1.306566  0.200718 0.008412 -0.931323
35  0.000001 1.287337 -0.000006  0.000000 0.000000 -1.693734
36  -0.000004 1.044417 0.000013  0.000000 0.000000 -1.873110
37  -0.662602 4.455429 0.385201  0.283922 -0.151267 -1.194302
38  -0.000002 1.560858 0.000000  -0.000000 -0.000000 -1.743825
39  -0.000004 1.052587 -0.000003  0.000000 0.000000 -1.417163
40  -0.259948 4.274168 -0.539752  0.254995 -0.273672 -1.274012
41  0.000002 1.433723 -0.000003  -0.000000 -0.000000 -1.413531
42  -0.000003 1.052583 -0.000005  -0.000000 -0.000000 -1.291004
43  0.141356 3.871783 -1.363265  0.407658 -0.585492 -1.527708
44  0.000003 1.065798 -0.000000  0.000000 -0.000000 -1.008211
45  0.000001 0.779177 -0.000002  -0.000000 0.000000 -0.885683
46  -0.895862 3.917961 0.656975  -2.989371 0.140129 -0.210631
47  -4.123600 0.117692 2.440017  -0.732450 0.982407 2.307275
48  4.898452 0.002410 0.107852  -0.022017 0.000000 1.571278
49  9.800057 0.003910 0.214853  1.629317 0.441705 1.772509
50  4.899961 -0.000003 0.000003  -0.000002 -0.000000 1.570796
51  9.799910 -0.000007 0.000003  0.278596 0.030779 1.468954
52  0.187877 -1.241731 -1.201999  0.978037 0.953679 0.647145
53  0.000046 -1.590425 -0.000007  -0.020282 -0.028490 -0.475982
54  -0.000073 -1.179892 0.000026  0.014008 -0.004746 -0.194940
55  0.942219 -4.324328 -1.306548  0.181920 0.019544 -1.078930
56  -0.000027 -1.287257 -0.000023  0.000000 0.000000 -1.731640
57  0.000035 -1.044485 0.000018  -0.000000 -0.000000 -1.920862
58  0.662651 -4.455463 -0.385181  0.247237 -0.202282 -0.994247
59  -0.000067 -1.560870 0.000034  0.000000 0.000000 -1.619976
60  -0.000008 -1.052552 -0.000010  0.000000 0.000000 -1.309733
61  0.259922 -4.274173 0.539750  0.262751 -0.284052 -1.205575
62  0.000078 -1.433766 -0.000014  -0.000000 0.000000 -1.288565
63  -0.000035 -1.052588 -0.000002  -0.000000 0.000000 -1.166037
64  -0.141319 -3.871758 1.363276  0.378145 -0.674668 -1.325768
65  -0.000010 -1.065876 0.000012  -0.000000 0.000000 -1.120085
66  0.000021 -0.779107 -0.000019  0.000000 0.000000 -0.997557
67  0.325563 0.019267 0.438608  -1.570796 -1.762783 0.000000
time 24
0  -0.937733 -154.707108 44.018250  1.912979 0.041527 -0.095048
1  0.000001 -0.000000 0.000007  0.139165 0.053056 -0.007526
2  4.350457 -2.452274 -0.220427  2.193610 -0.005939 -0.004541
3  0.425794 7.368132 -3.871223  1.547437 0.483591 1.512658
4  8.333014 -0.000008 -0.000000  1.459523 0.075167 0.591853
5  18.142761 -0.000001 -0.000016  2.595140 -0.026776 1.661327
6  0.003754 6.164935 0.152086  -0.812513 0.024669 -0.000000
7  4.617712 0.531994 -2.490255  -0.027618 -3.120067 -1.543148
8  0.000003 17.492825 0.000001  -2.765726 0.086893 -0.051848
9  -0.129008 18.597673 4.167819  2.504279 -0.045183 0.003709
10  -4.350462 -2.452243 -0.220445  -0.159871 0.047053 0.283775
11  0.000005 -8.333094 -0.000013  0.000000 0.000000 -1.570796
12  8.332994 0.000003 0.000004  1.459230 0.761521 -0.077159
13  18.142746 0.000009 -0.000001  -1.194083 1.286477 0.895861
14  -0.003752 -6.164968 -0.152086  -1.067122 0.024669 0.000000
15  4.617717 -2.490232 0.531991  0.679857 1.595613 2.201196
16  -0.000004 -22.582802 -0.000001  -3.059561 -0.324443 -0.161046
17  0.093849 -20.218790 -3.269336  2.905219 -0.079279 0.134365
18  0.000001 3.918045 0.107111  0.221702 0.007510 -0.042617
19  0.000001 3.793284 -0.000019  -0.030005 0.124220 -0.008881
20  -0.000001 4.392056 -0.000002  -0.032571 0.100071 0.021321
21  -0.000001 7.387578 0.000012  0.195725 -0.297135 0.105428
22  0.000001 3.276226 0.000009  -0.179657 0.108413 -0.109479
23  -0.000000 2.499998 -0.000020  -1.570796 -1.570796 0.000000
24  0.000000 2.017661 -3.069164  -0.679232 -0.000000 -0.000000
25  0.895859 3.917922 0.656982  0.186386 0.127713 0.168791
26  4.123596 -0.117661 -2.440020  2.172048 0.510489 -1.226591
27  4.898480 -0.002384 0.107854  3.119428 0.000148 1.570309
28  9.800019 -0.003911 0.214851  -0.710695 0.313180 0.339857
29  4.899992 -0.000001 -0.000003  -1.570797 -1.570796 0.000000
30  9.799986 0.000007 -0.000002  -1.287480 -1.474693 -0.616908
31  -0.187869 1.241714 1.202015  1.004331 0.880998 0.628243
32  0.000015 1.590446 -0.000008  -0.064553 -0.083756 -0.392154
33  -0.000013 1.179847 0.000002  0.013277 -0.004498 -0.116439
34  -0.942197 4.324303 1.306546  0.200718 0.008412 -0.931323
35  0.000004 1.287341 0.000006  -0.000000 -0.000000 -1.693734
36  -0.000003 1.044402 -0.000011  -0.000000 -0.000000 -1.873110
37  -0.662612 4.455431 0.385181  0.283922 -0.151267 -1.194302
38  0.000000 1.560843 -0.000003  -0.000000 0.000000 -1.743825
39  -0.000004 1.052600 -0.000002  0.000000 0.000000 -1.417163
40  -0.259959 4.274182 -0.539772  0.254995 -0.273672 -1.274012
41  0.000000 1.433735 0.000005  -0.000000 0.000000 -1.413531
42  0.000001 1.052588 -0.000002  -0.000000 -0.000000 -1.291004
43  0.141338 3.871780 -1.363278  0.407658 -0.585492 -1.527708
44  0.000021 1.065786 -0.000001  0.000000 -0.000000 -1.008211
45  -0.000007 0.779168 -0.000002  -0.000000 0.000000 -0.885683
46  -0.895861 3.917949 0.656986  -2.989323 0.155066 -0.216340
47  -4.123588 0.117715 2.440022  -0.703831 1.035449 2.354119
48  4.898441 0.002389 0.107848  -0.022017 0.000000 1.571278
49  9.800049 0.003921 0.214850  1.646087 0.429353 1.816957
50  4.899962 -0.000001 0.000005  -0.000002 0.000000 1.570796
51  9.799915 0.000002 0.000014  0.288929 0.030779 1.468954
52  0.187875 -1.241745 -1.201999  0.978037 0.953679 0.647145
53  0.000033 -1.590431 0.000004  -0.020282 -0.028490 -0.475982
54  -0.000070 -1.179892 0.000032  0.014008 -0.004746 -0.194940
55  0.942217 -4.324338 -1.306543  0.181920 0.019544 -1.078930
56  -0.000030 -1.287266 -0.000023  0.000000 0.000000 -1.731640
57  0.000037 -1.044479 0.000031  -0.000000 0.000000 -1.920862
58  0.662642 -4.455476 -0.385179  0.247237 -0.202282 -0.994247
59  -0.000034 -1.560877 0.000019  -0.000000 0.000000 -1.619976
60  -0.000003 -1.052560 -0.000002  0.000000 0.000000 -1.309733
61  0.259918 -4.274180 0.539765  0.262751 -0.284052 -1.205575
62  0.000064 -1.433774 -0.000018  -0.000000 -0.000000 -1.288565
63  -0.000043 -1.052560 0.000016  -0.000000 -0.000000 -1.166037
64  -0.141325 -3.871768 1.363275  0.378145 -0.674668 -1.325768
65  0.000004 -1.065865 0.000006  -0.000000 0.000000 -1.120085
66  0.000023 -0.779108 -0.000018  0.000000 0.000000 -0.997557
67  0.325552 0.019270 0.438594  -1.570796 -1.762783 0.000001
time 25
0  -0.902576 -161.020920 43.541672  1.909446 0.047735 -0.063811
1  -0.000001 -0.000003 -0.000005  0.129110 0.039226 -0.010163
2  4.350458 -2.452266 -0.220433  2.342337 -0.013433 -0.034642
3  0.304698 7.422833 -3.777448  1.581150 0.470855 1.529431
4  8.333019 -0.000023 -0.000000  1.438063 0.041962 0.304441
5  18.142757 -0.000001 -0.000001  2.652915 -0.059541 1.668102
6  0.003753 6.164948 0.152071  -0.877746 0.024669 0.000000
7  4.617697 0.531994 -2.490239  -0.024562 -3.095484 -1.539426
8  0.000001 16.969357 0.000004  -2.630215 0.092049 -0.045695
9  -0.129008 18.597670 4.167805  2.451461 -0.045183 0.003709
10  -4.350461 -2.452243 -0.220458  -0.257044 0.084519 0.310811
11  0.000003 -8.333097 -0.000018  -0.000000 0.000000 -1.570796
12  8.332994 -0.000002 -0.000013  1.519326 0.939778 -0.041599
13  18.142750 -0.000008 -0.000000  -1.125171 1.274636 0.955955
14  -0.003752 -6.164953 -0.152078  -1.118955 0.024669 -0.000000
15  4.617711 -2.490242 0.531992  0.237056 1.617369 1.776844
16  -0.000008 -22.106234 -0.000005  3.108311 -0.365840 -0.152394
17  0.105566 -19.761742 -3.523249  2.887594 -0.079279 0.134365
18  -0.000000 3.918041 0.107113  0.217361 0.001915 -0.028008
19  0.000000 3.793290 -0.000014  -0.034103 0.091430 -0.000827
20  -0.000000 4.392040 -0.000002  -0.037209 0.098441 0.027265
21  -0.000002 7.387561 -0.000004  0.207063 -0.267503 0.081531
22  0.000005 3.276228 -0.000005  -0.174800 0.095865 -0.094199
23  -0.000000 2.500000 0.000008  -1.570796 -1.570796 0.000000
24  0.000000 2.017654 -3.069142  -0.679232 -0.000000 0.000000
25  0.895858 3.917905 0.656976  0.186458 0.128095 0.166766
26  4.123606 -0.117643 -2.440028  2.155240 0.531241 -1.227087
27  4.898423 -0.002371 0.107852  3.119428 0.000148 1.570309
28  9.799987 -0.003906 0.214853  -0.699172 0.298071 0.333179
29  4.900013 0.000000 0.000003  -1.570797 -1.570796 0.000000
30  9.800009 -0.000004 0.000007  -1.256062 -1.468062 -0.631958
31  -0.187858 1.241703 1.202029  1.004331 0.880998 0.628243
32  0.000000 1.590459 -0.000010  -0.064553 -0.083756 -0.392154
33  -0.000010 1.179862 0.000005  0.013277 -0.004498 -0.116439
34  -0.942184 4.324304 1.306559  0.200718 0.008412 -0.931323
35  0.000010 1.287346 0.000006  0.000000 0.000000 -1.693734
36  -0.000002 1.044396 -0.000021  -0.000000 -0.000000 -1.873110
37  -0.662604 4.455418 0.385192  0.283922 -0.151267 -1.194302
38  -0.000005 1.560841 -0.000002  -0.000000 0.000000 -1.743825
39  -0.000013 1.052582 -0.000005  -0.000000 0.000000 -1.417163
40  -0.259947 4.274172 -0.539762  0.254995 -0.273672 -1.274012
41  -0.000004 1.433722 -0.000004  -0.000000 0.000000 -1.413531
42  0.000002 1.052581 -0.000009  -0.000000 0.000000 -1.291004
43  0.141352 3.871766 -1.363265  0.407658 -0.585492 -1.527708
44  -0.000014 1.065794 0.000001  0.000000 -0.000000 -1.008211
45  0.000015 0.779181 -0.000002  -0.000000 0.000000 -0.885683
46  -0.895861 3.917943 0.656972  -2.989299 0.160594 -0.218312
47  -4.123593 0.117686 2.440019  -0.690788 1.054641 2.373403
48  4.898445 0.002378 0.107848  -0.022017 -0.000000 1.571278
49  9.800046 0.003889 0.214850  1.650304 0.425415 1.829123
50  4.899939 -0.000007 0.000005  -0.000002 -0.000000 1.570796
51  9.799897 -0.000009 -0.000003  0.292589 0.030779 1.468954
52  0.187870 -1.241728 -1.202003  0.978037 0.953679 0.647145
53  0.000027 -1.590422 0.000023  -0.020282 -0.028490 -0.475982
54  -0.000061 -1.179885 0.000007  0.014008 -0.004746 -0.194940
55  0.942210 -4.324329 -1.306536  0.181920 0.019544 -1.078930
56  -0.000008 -1.287262 -0.000018  0.000000 0.000000 -1.731640
57  0.000053 -1.044484 0.000010  -0.000000 0.000000 -1.920862
58  0.662641 -4.455463 -0.385171  0.247237 -0.202282 -0.994247
59  -0.000033 -1.560865 0.000050  0.000000 0.000000 -1.619976
60  0.000001 -1.052543 -0.000034  0.000000 0.000000 -1.309733
61  0.259921 -4.274173 0.539791  0.262751 -0.284052 -1.205575
62  0.000062 -1.433773 -0.000021  0.000000 -0.000000 -1.288565
63  -0.000041 -1.052585 0.000007  -0.000000 -0.000000 -1.166037
64  -0.141328 -3.871755 1.363282  0.378145 -0.674668 -1.325768
65  -0.000012 -1.065873 0.000002  0.000000 0.000000 -1.120085
66  0.000022 -0.779118 -0.000019  0.000000 0.000000 -0.997557
67  0.325550 0.019277 0.438609  -1.570796 -1.762783 0.000000
time 26
0  -0.871325 -167.354248 43.022125  1.906560 0.053871 -0.027713
1  0.000000 0.000003 -0.000012  0.121056 0.025911 -0.013818
2  4.350456 -2.452264 -0.220431  2.422889 0.000340 -0.059533
3  0.171881 7.469716 -3.691509  1.615568 0.459024 1.547448
4  8.333024 0.000011 0.000000  1.441255 0.031412 0.236592
5  18.142757 -0.000002 -0.000026  2.707116 -0.078568 1.673998
6  0.003752 6.164934 0.152075  -0.925818 0.024669 0.000000
7  4.617710 0.531993 -2.490272  -0.005911 -3.075194 -1.533915
8  0.000000 17.168587 0.000004  -2.662027 0.090967 -0.047197
9  -0.129009 18.597675 4.167786  2.471330 -0.045183 0.003709
10  -4.350461 -2.452232 -0.220441  -0.364524 0.127019 0.320547
11  0.000003 -8.333092 -0.000016  -0.000000 0.000000 -1.570796
12  8.332994 0.000002 0.000009  1.660127 1.122826 0.080610
13  18.142746 -0.000005 -0.000001  -1.122024 1.268465 1.007273
14  -0.003752 -6.164952 -0.152069  -1.124348 0.024669 -0.000000
15  4.617717 -2.490242 0.531993  0.119743 1.649214 1.690271
16  -0.000000 -21.547594 0.000002  2.996227 -0.405300 -0.143498
17  0.117290 -19.230478 -3.816233  2.867044 -0.079279 0.134365
18  0.000000 3.918047 0.107078  0.213789 -0.005640 -0.012524
19  -0.000001 3.793280 0.000007  -0.037507 0.055609 0.007119
20  -0.000000 4.392059 0.000011  -0.041128 0.090759 0.032658
21  0.000001 7.387567 -0.000008  0.217883 -0.224622 0.057071
22  -0.000000 3.276211 0.000018  -0.173027 0.081160 -0.077408
23  0.000000 2.500000 0.000019  -1.570796 -1.570796 0.000000
24  0.000000 2.017648 -3.069139  -0.679232 -0.000000 -0.000000
25  0.895859 3.917921 0.656981  0.186374 0.127658 0.169151
26  4.123604 -0.117672 -2.440006  2.174868 0.507919 -1.226094
27  4.898434 -0.002383 0.107849  3.119428 0.000148 1.570309
28  9.799987 -0.003912 0.214850  -0.712553 0.312781 0.337730
29  4.899993 -0.000000 0.000002  -1.570797 -1.570796 0.000000
30  9.799985 0.000003 0.000000  -1.172726 -1.465269 -0.678646
31  -0.187862 1.241728 1.202018  1.004331 0.880998 0.628243
32  -0.000004 1.590456 -0.000003  -0.064553 -0.083756 -0.392154
33  -0.000004 1.179848 -0.000002  0.013277 -0.004498 -0.116439
34  -0.942191 4.324314 1.306549  0.200718 0.008412 -0.931323
35  0.000007 1.287347 0.000014  0.000000 -0.000000 -1.693734
36  -0.000002 1.044399 -0.000009  -0.000000 -0.000000 -1.873110
37  -0.662605 4.455439 0.385187  0.283922 -0.151267 -1.194302
38  -0.000018 1.560843 -0.000002  0.000000 -0.000000 -1.743825
39  -0.000002 1.052594 0.000001  0.000000 0.000000 -1.417163
40  -0.259951 4.274193 -0.539769  0.254995 -0.273672 -1.274012
41  -0.000003 1.433728 -0.000006  0.000000 0.000000 -1.413531
42  0.000006 1.052595 -0.000007  -0.000000 -0.000000 -1.291004
43  0.141348 3.871798 -1.363278  0.407658 -0.585492 -1.527708
44  0.000010 1.065795 0.000002  0.000000 -0.000000 -1.008211
45  -0.000003 0.779177 0.000002  0.000000 0.000000 -0.885683
46  -0.895860 3.917949 0.656976  -2.989419 0.150224 -0.216079
47  -4.123591 0.117708 2.440032  -0.700989 1.039853 2.358395
48  4.898426 0.002391 0.107847  -0.022017 0.000000 1.571278
49  9.800044 0.003921 0.214848  1.642446 0.429185 1.808814
50  4.899971 0.000003 0.000015  -0.000002 -0.000000 1.570796
51  9.799939 0.000005 0.000021  0.288257 0.030779 1.469809
52  0.187860 -1.241713 -1.202000  0.978037 0.953679 0.647145
53  0.000045 -1.590425 -0.000009  -0.020282 -0.028490 -0.475982
54  -0.000067 -1.179887 0.000038  0.014008 -0.004746 -0.194940
55  0.942204 -4.324317 -1.306537  0.181920 0.019544 -1.078930
56  -0.000008 -1.287267 -0.000024  0.000000 -0.000000 -1.731640
57  0.000044 -1.044492 0.000012  0.000000 -0.000000 -1.920862
58  0.662630 -4.455445 -0.385191  0.247237 -0.202282 -0.994247
59  -0.000038 -1.560868 0.000015  0.000000 0.000000 -1.619976
60  0.000003 -1.052543 -0.000011  0.000000 0.000000 -1.309733
61  0.259905 -4.274157 0.539772  0.262751 -0.284052 -1.205575
62  0.000080 -1.433771 -0.000029  0.000000 -0.000000 -1.288565
63  -0.000036 -1.052598 0.000021  -0.000000 0.000000 -1.166037
64  -0.141337 -3.871745 1.363286  0.378145 -0.674668 -1.325768
65  -0.000017 -1.065870 0.000008  -0.000000 0.000000 -1.120085
66  0.000021 -0.779141 -0.000015  0.000000 0.000000 -0.997557
67  0.325547 0.019290 0.438605  -1.570796 -1.762783 0.000000
time 27
0  -0.840074 -173.707108 42.522110  1.904617 0.059815 0.012831
1  0.000000 0.000001 -0.000005  0.115711 0.013591 -0.018636
2  4.350456 -2.452286 -0.220431  2.460935 0.031175 -0.073741
3  0.019531 7.504869 -3.621212  1.649641 0.449802 1.568205
4  8.333002 0.000027 -0.000000  1.457350 0.038987 0.329718
5  18.142761 -0.000003 -0.000019  2.752514 -0.085347 1.681136
6  0.003752 6.164958 0.152040  -0.974862 0.024669 0.000000
7  4.617700 0.531996 -2.490272  0.020165 -3.060371 -1.527330
8  0.000001 17.930328 -0.000010  -2.820261 0.085289 -0.056523
9  -0.129009 18.597670 4.167787  2.548164 -0.045183 0.003709
10  -4.350461 -2.452249 -0.220430  -0.491273 0.164407 0.296879
11  0.000005 -8.333091 -0.000008  -0.000000 0.000000 -1.570796
12  8.332996 0.000001 -0.000019  2.034125 1.273974 0.445705
13  18.142731 0.000001 -0.000000  -1.206856 1.275386 1.004126
14  -0.003752 -6.164967 -0.152077  -1.079731 0.024669 0.000000
15  4.617713 -2.490237 0.531994  0.107857 1.694391 1.711316
16  -0.000006 -21.000711 -0.000006  2.917487 -0.436931 -0.140339
17  0.129003 -18.710926 -4.105305  2.846853 -0.079279 0.134365
18  0.000000 3.918042 0.107104  0.211403 -0.015293 0.003356
19  0.000000 3.793278 0.000009  -0.039820 0.017605 0.014681
20  0.000000 4.392065 -0.000017  -0.043872 0.075527 0.036877
21  -0.000000 7.387570 0.000005  0.226961 -0.167340 0.033569
22  -0.000001 3.276210 0.000002  -0.175346 0.064537 -0.059563
23  0.000000 2.500014 -0.000021  -1.570796 -1.570796 0.000000
24  0.000000 2.017664 -3.069180  -0.679232 -0.000000 0.000000
25  0.895860 3.917915 0.656978  0.186170 0.126457 0.175550
26  4.123598 -0.117651 -2.440005  2.226873 0.454509 -1.222656
27  4.898438 -0.002375 0.107851  3.119428 0.000148 1.570309
28  9.799978 -0.003901 0.214847  -0.747431 0.355081 0.350838
29  4.900011 -0.000006 -0.000003  -1.570797 -1.570796 0.000000
30  9.800003 0.000009 0.000000  -1.041977 -1.466375 -0.760517
31  -0.187856 1.241711 1.202016  1.004331 0.880998 0.628243
32  -0.000006 1.590448 -0.000010  -0.064553 -0.083756 -0.392154
33  -0.000001 1.179866 -0.000010  0.013277 -0.004498 -0.116439
34  -0.942181 4.324296 1.306559  0.200718 0.008412 -0.931323
35  -0.000000 1.287342 -0.000009  -0.000000 -0.000000 -1.693734
36  0.000003 1.044390 -0.000014  -0.000000 0.000000 -1.873110
37  -0.662599 4.455425 0.385180  0.283922 -0.151267 -1.194302
38  0.000021 1.560838 -0.000002  -0.000000 -0.000000 -1.743825
39  0.000002 1.052596 -0.000007  0.000000 0.000000 -1.417163
40  -0.259944 4.274173 -0.539773  0.254995 -0.273672 -1.274012
41  -0.000004 1.433727 0.000010  -0.000000 0.000000 -1.413531
42  0.000002 1.052601 -0.000020  -0.000000 0.000000 -1.291004
43  0.141354 3.871777 -1.363274  0.407658 -0.585492 -1.527708
44  -0.000013 1.065794 -0.000005  0.000000 -0.000000 -1.008211
45  -0.000010 0.779182 0.000005  0.000000 0.000000 -0.885683
46  -0.895860 3.917941 0.656984  -2.989623 0.125205 -0.210684
47  -4.123595 0.117703 2.440019  -0.722793 1.002531 2.324049
48  4.898456 0.002387 0.107846  -0.022017 0.000000 1.571278
49  9.800066 0.003911 0.214848  1.620213 0.438811 1.752679
50  4.899949 -0.000005 -0.000005  -0.000002 -0.000000 1.570796
51  9.799921 0.000001 0.000006  0.277507 0.030779 1.470644
52  0.187876 -1.241731 -1.202039  0.978037 0.953679 0.647145
53  0.000039 -1.590428 -0.000019  -0.020282 -0.028490 -0.475982
54  -0.000063 -1.179885 0.000025  0.014008 -0.004746 -0.194940
55  0.942219 -4.324338 -1.306565  0.181920 0.019544 -1.078930
56  -0.000013 -1.287265 -0.000003  0.000000 0.000000 -1.731640
57  0.000032 -1.044491 0.000036  0.000000 -0.000000 -1.920862
58  0.662656 -4.455475 -0.385201  0.247237 -0.202282 -0.994247
59  -0.000061 -1.560867 0.000023  -0.000000 0.000000 -1.619976
60  -0.000002 -1.052586 -0.000004  -0.000000 -0.000000 -1.309733
61  0.259927 -4.274178 0.539741  0.262751 -0.284052 -1.205575
62  0.000050 -1.433772 -0.000029  -0.000000 -0.000000 -1.288565
63  -0.000040 -1.052588 0.000002  -0.000000 0.000000 -1.166037
64  -0.141317 -3.871764 1.363248  0.378145 -0.674668 -1.325768
65  0.000011 -1.065858 0.000009  0.000000 0.000000 -1.120085
66  0.000023 -0.779124 -0.000019  0.000000 0.000000 -0.997557
67  0.325567 0.019265 0.438586  -1.570796 -1.762783 -0.000000
time 28
0  -0.816636 -180.020920 42.100224  1.903910 0.065400 0.057108
1  0.000000 0.000006 -0.000001  0.113794 0.002816 -0.024712
2  4.350457 -2.452292 -0.220465  2.607742 0.064882 -0.092823
3  -0.058598 7.528295 -3.574339  1.687448 0.443757 1.578867
4  8.333017 0.000007 -0.000001  1.473887 0.020660 0.209453
5  18.142757 -0.000006 -0.000005  2.901692 -0.103579 1.673662
6  0.003753 6.164943 0.152068  -1.023589 0.024669 0.000000
7  4.617701 0.531990 -2.490261  0.068513 -3.035788 -1.524849
8  -0.000000 18.375654 0.000019  -2.896003 0.078566 -0.048408
9  -0.129010 18.597666 4.167812  2.593146 -0.045183 0.003709
10  -4.350461 -2.452247 -0.220472  -0.619059 0.169650 0.232671
11  0.000003 -8.333091 -0.000010  0.000000 0.000000 -1.570796
12  8.332999 -0.000003 0.000006  -0.531710 1.843831 -2.119157
13  18.142744 0.000002 0.000002  -1.379856 1.300653 0.865623
14  -0.003752 -6.164958 -0.152071  -1.023592 0.024669 0.000000
15  4.617716 -2.490239 0.531993  0.126835 1.756099 1.741354
16  -0.000007 -20.699930 -0.000010  2.871189 -0.479986 -0.063942
17  0.129002 -18.499985 -4.171712  2.823301 -0.079279 0.134365
18  0.000000 3.918044 0.107102  0.210572 -0.027060 0.019091
19  -0.000001 3.793292 0.000008  -0.040695 -0.021369 0.021452
20  0.000000 4.392041 0.000001  -0.045023 0.051510 0.039238
21  -0.000000 7.387569 0.000001  0.233131 -0.095512 0.012272
22  0.000001 3.276221 0.000010  -0.182935 0.051618 -0.034600
23  0.000000 2.500015 -0.000013  -1.570796 -1.570796 0.000000
24  0.000000 2.017662 -3.069164  -0.679232 -0.000000 0.000000
25  0.895860 3.917908 0.656966  0.185858 0.124736 0.184754
26  4.123601 -0.117657 -2.440011  2.290383 0.389683 -1.225244
27  4.898460 -0.002381 0.107848  3.119428 0.000148 1.570309
28  9.800003 -0.003900 0.214839  -0.785653 0.417084 0.372603
29  4.900014 0.000011 -0.000004  -1.570797 -1.570796 0.000000
30  9.800008 0.000005 0.000000  -0.907204 -1.469632 -0.849483
31  -0.187849 1.241709 1.202030  1.004331 0.880998 0.628243
32  0.000000 1.590448 -0.000015  -0.064553 -0.083756 -0.392154
33  0.000006 1.179848 -0.000007  0.013277 -0.004498 -0.116439
34  -0.942175 4.324305 1.306555  0.200718 0.008412 -0.931323
35  0.000006 1.287349 0.000006  0.000000 -0.000000 -1.693734
36  -0.000012 1.044387 -0.000024  -0.000000 0.000000 -1.873110
37  -0.662594 4.455420 0.385189  0.283922 -0.151267 -1.194302
38  0.000005 1.560843 -0.000010  -0.000000 0.000000 -1.743825
39  0.000002 1.052600 -0.000009  0.000000 0.000000 -1.417163
40  -0.259933 4.274181 -0.539755  0.254995 -0.273672 -1.274012
41  -0.000010 1.433723 0.000016  0.000000 0.000000 -1.413531
42  -0.000002 1.052597 0.000004  0.000000 0.000000 -1.291004
43  0.141361 3.871779 -1.363268  0.407658 -0.585492 -1.527708
44  0.000007 1.065786 0.000010  0.000000 -0.000000 -1.008211
45  -0.000014 0.779164 -0.000004  0.000000 -0.000000 -0.885683
46  -0.895861 3.917948 0.656992  -2.989719 0.096153 -0.203904
47  -4.123602 0.117712 2.440026  -0.742729 0.957204 2.287798
48  4.898448 0.002382 0.107845  -0.022017 0.000000 1.571278
49  9.800058 0.003915 0.214845  1.578335 0.450457 1.652767
50  4.899973 -0.000003 0.000004  -0.000002 0.000000 1.570796
51  9.799906 -0.000006 -0.000007  0.263907 0.030779 1.468954
52  0.187871 -1.241738 -1.202013  0.978037 0.953679 0.647145
53  0.000041 -1.590427 -0.000004  -0.020282 -0.028490 -0.475982
54  -0.000079 -1.179886 0.000033  0.014008 -0.004746 -0.194940
55  0.942217 -4.324342 -1.306542  0.181920 0.019544 -1.078930
56  -0.000030 -1.287269 -0.000018  -0.000000 0.000000 -1.731640
57  0.000040 -1.044502 0.000037  0.000000 -0.000000 -1.920862
58  0.662647 -4.455476 -0.385172  0.247237 -0.202282 -0.994247
59  -0.000023 -1.560867 0.000030  -0.000000 0.000000 -1.619976
60  -0.000002 -1.052560 -0.000011  0.000000 0.000000 -1.309733
61  0.259913 -4.274169 0.539745  0.262751 -0.284052 -1.205575
62  0.000080 -1.433770 -0.000030  0.000000 0.000000 -1.288565
63  -0.000040 -1.052587 0.000021  -0.000000 0.000000 -1.166037
64  -0.141327 -3.871760 1.363255  0.378145 -0.674668 -1.325768
65  -0.000011 -1.065866 -0.000000  0.000000 0.000000 -1.120085
66  0.000028 -0.779089 -0.000019  0.000000 0.000000 -0.997557
67  0.325552 0.019271 0.438599  -1.570796 -1.762783 0.000000
time 29
0  -0.769759 -186.354248 41.522079  1.906619 0.071045 0.111818
1  -0.000001 -0.000002 0.000012  0.145637 -0.022543 0.042102
2  4.350457 -2.452268 -0.220419  2.542782 0.066274 -0.054010
3  -0.421887 7.403302 -3.804783  1.676028 0.474369 1.628029
4  8.333020 -0.000004 -0.000003  1.486892 0.073814 0.719781
5  18.142757 -0.000000 -0.000027  2.312837 -0.063393 1.680670
6  0.003753 6.164958 0.152082  -0.875802 0.024669 0.000000
7  4.617705 0.531992 -2.490253  -0.097584 -3.054500 -1.524634
8  0.000001 18.988958 0.000021  3.110836 0.064019 -0.083894
9  -0.129010 18.597668 4.167806  2.655151 -0.045183 0.003709
10  -4.350460 -2.452231 -0.220423  -0.863078 0.150013 0.127181
11  0.000006 -8.333092 -0.000013  0.000000 0.000000 -1.570796
12  8.333000 0.000000 0.000000  0.132612 1.804127 -1.434497
13  18.142735 0.000002 -0.000001  -1.262330 1.322279 0.994396
14  -0.003752 -6.164962 -0.152088  -1.006987 0.024669 -0.000000
15  4.617722 -2.490238 0.531992  0.160572 1.646151 1.780766
16  -0.000003 -20.856186 -0.000005  2.887448 -0.377762 -0.039366
17  0.129007 -18.585949 -4.167806  2.839606 -0.079279 0.134365
18  -0.000002 3.918043 0.107131  0.213897 -0.042322 0.033964
19  -0.000000 3.793283 -0.000031  -0.037423 -0.061517 0.037608
20  0.000001 4.392061 -0.000009  -0.041559 0.025168 0.038183
21  0.000000 7.387562 0.000004  0.232834 -0.013591 -0.015868
22  -0.000000 3.276218 -0.000001  -0.194348 0.017845 -0.004422
23  0.000000 2.500027 -0.000009  -1.570796 -1.570796 0.000000
24  0.000000 2.017683 -3.069168  -0.679232 -0.000000 -0.000000
25  0.895860 3.917900 0.656986  0.185379 0.122305 0.197806
26  4.123600 -0.117681 -2.440013  2.449216 0.278478 -1.221131
27  4.898441 -0.002373 0.107850  3.119428 0.000148 1.570309
28  9.799976 -0.003898 0.214844  -0.915809 0.527211 0.350838
29  4.900009 0.000008 -0.000001  -1.570797 -1.570796 0.000000
30  9.800011 -0.000003 0.000001  -0.786032 -1.474752 -0.947462
31  -0.187861 1.241698 1.202014  1.004331 0.880998 0.628243
32  0.000016 1.590446 -0.000006  -0.064553 -0.083756 -0.392154
33  -0.000008 1.179847 -0.000010  0.013277 -0.004498 -0.116439
34  -0.942189 4.324298 1.306529  0.200718 0.008412 -0.931323
35  0.000001 1.287344 0.000002  0.000000 -0.000000 -1.693734
36  0.000006 1.044394 0.000012  -0.000000 0.000000 -1.873110
37  -0.662606 4.455419 0.385185  0.283922 -0.151267 -1.194302
38  0.000005 1.560835 0.000012  -0.000000 -0.000000 -1.743825
39  -0.000001 1.052595 -0.000015  0.000000 0.000000 -1.417163
40  -0.259949 4.274166 -0.539761  0.254995 -0.273672 -1.274012
41  0.000004 1.433731 0.000004  -0.000000 0.000000 -1.413531
42  0.000008 1.052598 -0.000021  -0.000000 -0.000000 -1.291004
43  0.141353 3.871784 -1.363283  0.407658 -0.585492 -1.527708
44  -0.000006 1.065786 0.000012  0.000000 -0.000000 -1.008211
45  0.000006 0.779171 -0.000003  0.000000 0.000000 -0.885683
46  -0.895860 3.917937 0.656990  -2.989551 0.062973 -0.193309
47  -4.123599 0.117688 2.440030  -0.765039 0.870794 2.230857
48  4.898440 0.002376 0.107845  -0.022017 0.000000 1.571278
49  9.800055 0.003903 0.214843  1.527449 0.469575 1.536761
50  4.899957 -0.000016 0.000002  -0.000002 0.000000 1.570796
51  9.799932 -0.000015 0.000002  0.240206 0.030779 1.468954
52  0.187860 -1.241730 -1.202021  0.978037 0.953679 0.647145
53  0.000060 -1.590420 -0.000018  -0.020282 -0.028490 -0.475982
54  -0.000073 -1.179885 0.000031  0.014008 -0.004746 -0.194940
55  0.942208 -4.324332 -1.306550  0.181920 0.019544 -1.078930
56  -0.000043 -1.287272 -0.000015  -0.000000 0.000000 -1.731640
57  0.000032 -1.044474 0.000021  0.000000 -0.000000 -1.920862
58  0.662640 -4.455462 -0.385193  0.247237 -0.202282 -0.994247
59  -0.000064 -1.560868 0.000033  0.000000 0.000000 -1.619976
60  0.000001 -1.052529 0.000000  0.000000 0.000000 -1.309733
61  0.259915 -4.274183 0.539768  0.262751 -0.284052 -1.205575
62  0.000069 -1.433769 -0.000018  -0.000000 0.000000 -1.288565
63  -0.000038 -1.052568 0.000011  -0.000000 0.000000 -1.166037
64  -0.141336 -3.871750 1.363268  0.378145 -0.674668 -1.325768
65  -0.000024 -1.065866 0.000003  -0.000000 0.000000 -1.120085
66  0.000018 -0.779106 -0.000021  -0.000000 0.000000 -0.997557
67  0.325551 0.019268 0.438592  -1.570796 -1.762783 0.000001
time 30
0  -0.715070 -192.707108 40.940033  1.913038 0.075850 0.167121
1  0.000000 0.000005 0.000010  0.204889 -0.057922 0.173561
2  4.350457 -2.452297 -0.220442  2.739389 0.014291 -0.025957
3  -0.820336 7.075165 -4.328259  1.660729 0.546442 1.686505
4  8.333008 0.000004 -0.000000  1.449846 0.114119 0.752721
5  18.142757 0.000003 -0.000002  1.943314 -0.056614 1.669654
6  0.003754 6.164957 0.152069  -0.737081 0.024669 -0.000000
7  4.617701 0.531994 -2.490227  2.951182 -0.092156 1.614382
8  -0.000001 18.500664 0.000017  2.972410 0.050878 -0.092275
9  -0.129009 18.597673 4.167823  2.605745 -0.045183 0.003709
10  -4.350460 -2.452262 -0.220438  -1.150245 0.055260 0.024717
11  0.000001 -8.333094 -0.000033  -0.000000 0.000000 -1.570796
12  8.333009 -0.000000 0.000025  0.943580 1.808337 -0.613825
13  18.142712 0.000010 -0.000002  -1.166632 1.362055 1.074617
14  -0.003752 -6.164955 -0.152080  -0.990227 0.024669 -0.000000
15  4.617712 -2.490241 0.531992  -0.348564 1.556384 1.270711
16  -0.000008 -21.469479 0.000002  2.913920 -0.269167 -0.019683
17  0.117282 -19.156263 -3.859201  2.864158 -0.079279 0.134365
18  0.000001 3.918045 0.107096  0.221856 -0.056871 0.046416
19  0.000000 3.793271 -0.000000  -0.029705 -0.107394 0.056423
20  -0.000000 4.392035 0.000012  -0.033122 0.000563 0.037883
21  -0.000000 7.387565 -0.000004  0.224775 0.073072 -0.048478
22  -0.000002 3.276227 0.000008  -0.208153 -0.018408 0.035786
23  -0.000000 2.500015 -0.000004  -1.570796 -1.570796 0.000000
24  -0.000000 2.017670 -3.069155  -0.679232 -0.000000 -0.000000
25  0.895861 3.917917 0.656969  0.184804 0.119574 0.212499
26  4.123600 -0.117668 -2.440011  2.739469 0.134162 -1.216239
27  4.898452 -0.002375 0.107839  3.119428 0.000148 1.570309
28  9.799988 -0.003902 0.214819  -1.209573 0.687492 0.209566
29  4.899993 0.000014 -0.000010  -1.570797 -1.570796 0.000000
30  9.799995 -0.000001 -0.000004  -0.641009 -1.479347 -1.066242
31  -0.187858 1.241699 1.202029  1.004331 0.880998 0.628243
32  0.000018 1.590439 -0.000004  -0.064553 -0.083756 -0.392154
33  0.000001 1.179847 -0.000007  0.013277 -0.004498 -0.116439
34  -0.942185 4.324294 1.306564  0.200718 0.008412 -0.931323
35  0.000004 1.287340 -0.000001  -0.000000 -0.000000 -1.693734
36  0.000004 1.044397 -0.000022  0.000000 -0.000000 -1.873110
37  -0.662600 4.455421 0.385197  0.283922 -0.151267 -1.194302
38  0.000000 1.560846 -0.000002  -0.000000 -0.000000 -1.743825
39  0.000000 1.052601 0.000006  0.000000 0.000000 -1.417163
40  -0.259946 4.274163 -0.539743  0.254995 -0.273672 -1.274012
41  0.000006 1.433722 0.000014  -0.000000 0.000000 -1.413531
42  -0.000001 1.052593 0.000001  -0.000000 -0.000000 -1.291004
43  0.141356 3.871772 -1.363258  0.407658 -0.585492 -1.527708
44  0.000010 1.065791 -0.000009  -0.000000 0.000000 -1.008211
45  0.000007 0.779172 -0.000017  0.000000 0.000000 -0.885683
46  -0.895859 3.917953 0.656969  -2.989154 0.026034 -0.180129
47  -4.123597 0.117713 2.440035  -0.768894 0.752912 2.170413
48  4.898445 0.002396 0.107853  -0.022017 0.000000 1.571278
49  9.800059 0.003930 0.214851  1.463051 0.498252 1.404758
50  4.899926 0.000001 0.000000  -0.000002 -0.000000 1.570796
51  9.799894 0.000001 0.000003  0.213516 0.030779 1.468954
52  0.187865 -1.241694 -1.202018  0.978037 0.953679 0.647145
53  0.000037 -1.590426 -0.000024  -0.020282 -0.028490 -0.475982
54  -0.000066 -1.179878 0.000021  0.014008 -0.004746 -0.194940
55  0.942216 -4.324314 -1.306551  0.181920 0.019544 -1.078930
56  0.000002 -1.287276 0.000002  0.000000 0.000000 -1.731640
57  0.000036 -1.044471 0.000040  -0.000000 0.000000 -1.920862
58  0.662643 -4.455442 -0.385179  0.247237 -0.202282 -0.994247
59  -0.000058 -1.560858 0.000037  0.000000 0.000000 -1.619976
60  0.000008 -1.052542 -0.000008  -0.000000 0.000000 -1.309733
61  0.259917 -4.274141 0.539760  0.262751 -0.284052 -1.205575
62  0.000062 -1.433764 -0.000028  -0.000000 0.000000 -1.288565
63  -0.000039 -1.052583 0.000009  -0.000000 0.000000 -1.166037
64  -0.141328 -3.871724 1.363266  0.378145 -0.674668 -1.325768
65  0.000014 -1.065870 0.000005  0.000000 0.000000 -1.120085
66  0.000026 -0.779102 -0.000029  0.000000 -0.000000 -0.997557
67  0.325555 0.019290 0.438606  -1.570796 -1.762783 0.000000
end
